addr,amount,class,reason,community
0xb8f9e33fe0a4a21e6e0f70d88d6904fe8137a7fe,60,dead,contract,crypto-canna-club
0x1ef7bcc3976056d3f0238b6f8653287d4d2ea24e,35,dead,contract,crypto-canna-club
0x3121be326af3d70d61dbbef2899067862ab127b8,16,dead,contract,crypto-canna-club
0xb13532e7d5fc4f39a15966aefc314b5843e2e036,15,dead,contract,crypto-canna-club
0x994b2b32530c95cd4bdac0ec0e0b41b187385b94,12,dead,contract,crypto-canna-club
0x44dda7c0915c2523d0ed7957785132e76b3483e4,12,dead,contract,crypto-canna-club
0x81dd06614ed7c1b9221e929b43c0cf9e8611aeb0,11,dead,contract,crypto-canna-club
0xff9a11ceca9f3f96e661cc549962984d770b615c,9,dead,contract,crypto-canna-club
0x2dd063d7e83945537d0f689213ed91ece30d96b2,8,dead,contract,crypto-canna-club
0x6e1d9ac48f065dd02997e5da3f0e2dfd9687cb9f,8,dead,contract,crypto-canna-club
0x0d460ec3517dee5927dce832a7d2df22b559a59f,8,dead,never-sent,crypto-canna-club
0x3ee3d0ccef50bc9a6ac43e763180c0c870fd2787,8,dead,contract,crypto-canna-club
0x39bc3bf912e9662ebcca8cbe20bf1c2a32048956,7,dead,contract,crypto-canna-club
0xf2a9a3f59b5327be4feac80e6668e53bac3bb7f9,7,dead,contract,crypto-canna-club
0xade44991d931ca62e4b56f59a7a8e9160067f48a,7,dead,contract,crypto-canna-club
0x68667f9b371742fc25735727a220d044f685326a,6,dead,contract,crypto-canna-club
0x0c15cf0ed7e191f136716b974aaa1d33620e8fd2,6,dead,contract,crypto-canna-club
0xfdc2b224cc1fd65d6cdccdd896510a7d89af81c3,5,dead,contract,crypto-canna-club
0xc32ff65467b2c446f23ec6966e949249bedb3731,5,dead,contract,crypto-canna-club
0x6e9bb68ee1a66c18ff7e2fc9b1db567127b2244e,5,dead,contract,crypto-canna-club
0xd2e31eb9cc0e357b510f67c021ba716412c54806,5,dead,contract,crypto-canna-club
0x4a6cb72561623271a84490191f2429ebb611dd51,5,dead,contract,crypto-canna-club
0x6dacc92a335dfcc58d65e4e8aa35a344f73c52b9,5,dead,contract,crypto-canna-club
0x5b2d405a5c7f4eac2eeb9e9e8f4760a9f7a33e4b,5,dead,never-sent,crypto-canna-club
0x3659a744dc954dcf6636ea1b75c813ab50a4bc45,4,dead,never-sent,crypto-canna-club
0x49ca963ef75bceba8e4a5f4ceab5fd326bef6123,4,dead,contract,crypto-canna-club
0xe92356c05d03fce81063caaafca1493ef6619445,4,dead,contract,crypto-canna-club
0x37e189b454e70611042ac5c51179fe7d795d5238,4,dead,contract,crypto-canna-club
0xb0b092448ba039685a2f557d9624971a5bfa2215,4,dead,contract,crypto-canna-club
0xe6ddf6e3962592590883d22fe4a8b2156b23e3aa,4,dead,contract,crypto-canna-club
0x8aec564ef5a37bcb5fbd54ee22d6c151579c8628,4,dead,contract,crypto-canna-club
0x0f8c611ed91a8586ed5063ad467325abdfa3a015,3,dead,contract,crypto-canna-club
0xcf3b555729822b93ab8f05c9124b10243cd3748f,3,dead,contract,crypto-canna-club
0xfd33921e206af4a5d086662b7e7754a7a5cfd733,3,dead,contract,crypto-canna-club
0x895537e51225476ac7d247e0a0438b17a3931c47,3,dead,contract,crypto-canna-club
0xf138b002f7f514936873081b9dfa56672cdae42b,3,dead,contract,crypto-canna-club
0x5b4672cffee5e64a2a7d17c157abdb4edffbe3df,3,dead,contract,crypto-canna-club
0xff4f2c41af6bac672164357677466ded6b92dac0,3,dead,contract,crypto-canna-club
0x667c66a1dde2ef5a2f92414ae51e07a8d91e135d,3,dead,contract,crypto-canna-club
0x838a1c2f0cae94072332c346533acdc6c590971f,3,dead,contract,crypto-canna-club
0x568be95e96ba2ef72aee6797d64095f3a4147d72,3,dead,contract,crypto-canna-club
0x01fb51f8a664f0f2b7cf8f6eee89f7c1b7e05ba1,3,dead,contract,crypto-canna-club
0x8873084d75ef7389ca8d9d86ec5459837d4d09f0,3,dead,contract,crypto-canna-club
0xf3f59914c371fdd88a47bd2dfccd56545e63028d,3,dead,contract,crypto-canna-club
0x92cd26304c475c7638107dee8c6a7e83f499aa6f,3,dead,contract,crypto-canna-club
0x03eaf0982f42aeb4a90be76b16b7d687094c8d50,3,dead,contract,crypto-canna-club
0x3bbcf2972299e6da5ef830af78791e3a7ed7278d,2,dead,contract,crypto-canna-club
0xf2344cc0e8e2ac5b46e7c747d391a57834324919,2,dead,contract,crypto-canna-club
0x9d21918e3eae3d1861c8ae731ebcc1b6b90d67af,2,dead,contract,crypto-canna-club
0xa883b60c5ead0efd604b41a7c0509c3c6b81739e,2,dead,contract,crypto-canna-club
0x81c1aa4bf93eca02292cb0dfa8d6d86d2fb3ba35,2,dead,contract,crypto-canna-club
0x0c3a00e863b818dcbd3b0742a88c6489640d62a5,2,dead,contract,crypto-canna-club
0xb87eaaa894efaf7a7bf278f4eafed013b4c62e52,2,dead,contract,crypto-canna-club
0x569d2b9ccac28e754607b116ad74cae2d4b98815,2,dead,contract,crypto-canna-club
0x14bd613f47c2048cb2f78853ab49bd654caf2aba,2,dead,contract,crypto-canna-club
0x9080196182f77b89bb5b0eee3ddb48cfa716c4c3,2,dead,contract,crypto-canna-club
0xbc0ae97629637b04b0ab802ddc0bb41c89557e17,2,dead,contract,crypto-canna-club
0x5a6e40b29bf20e4f60e7becb571af5ad5796a3c4,2,dead,contract,crypto-canna-club
0xcd4de97957dec8c2113e5dedabd3eb07de0b395a,2,dead,contract,crypto-canna-club
0x47b9279ecdcc10a9ea27c702a6a331c5302edf59,2,dead,contract,crypto-canna-club
0x0da5951eae5aa2f9d3f74341ede0ea590bedea68,2,dead,contract,crypto-canna-club
0xfe7b9925abb094835a15fd864a986bddc5129811,2,dead,never-sent,crypto-canna-club
0xbe31331d980efacf98212637b57ffbffca2e9571,2,dead,never-sent,crypto-canna-club
0x58783060f7a091e8f6ae043826209416178eda83,2,dead,contract,crypto-canna-club
0x7847b1c8ad03a188036dea54ce7847fb418e9217,2,dead,contract,crypto-canna-club
0xdea40be773ca1c31a51fe0c363ff56801f85850c,2,dead,contract,crypto-canna-club
0x8445165437cb63affb2f143378d0ec63e0249582,2,dead,contract,crypto-canna-club
0xafc5144df729069130e1eb0cd76c45420a42637f,2,dead,contract,crypto-canna-club
0x343c80183e14183024d3a2c822612b78c94ed2d9,2,dead,contract,crypto-canna-club
0x50cde770461ef53b62e083313d64b5b274b4bb78,2,dead,contract,crypto-canna-club
0xbb4b12ca6f6a3b94952c7b1433ad7f97a78a08ad,2,dead,never-sent,crypto-canna-club
0x8dbec4ba4a287255a15f3ccd41fbd0b8eb09d988,2,dead,contract,crypto-canna-club
0xd505af77d421aff12a9a820e8cba4784e3a8cb24,1,dead,contract,crypto-canna-club
0x2c1b62becd768a5bb0f26ae88efa8133d2e0c867,1,dead,contract,crypto-canna-club
0x50530095702552e9fa7818f60e6bdff5d0540af5,1,dead,contract,crypto-canna-club
0x04f2ba567c378c6a86072e6107963e80c8a6aac4,1,dead,contract,crypto-canna-club
0x440bd23858e50918895171f24d4e142e5a1abe39,1,dead,contract,crypto-canna-club
0x9dfd0023744901073b88bb0b01e4234fffe91fde,1,dead,contract,crypto-canna-club
0xe9a788dacd3de5cf4bee7ec2fb3cd36110825464,1,dead,contract,crypto-canna-club
0xb39d51079247f5a2b012d5ab91157a9ef3622edd,1,dead,contract,crypto-canna-club
0xae0bc3956053dd553c5602730ae4991a15b58e58,1,dead,contract,crypto-canna-club
0x1e1e0fe5f629feb7cf54901ccc712f48facd2e60,1,dead,never-sent,crypto-canna-club
0xc57461850cb66b2b8208f42de7fa2382d1276bd2,1,dead,contract,crypto-canna-club
0x2d078c2766a7fd2f19c8b1770c20658f1c2625ca,1,dead,contract,crypto-canna-club
0x26f743a72715379d0490f1c3652f024ec588d953,1,dead,contract,crypto-canna-club
0xc44505d1111ec42279aede122a77cba17359438d,1,dead,contract,crypto-canna-club
0x532fd36ea87cf9f316fad40b39385a4716065b8c,1,dead,contract,crypto-canna-club
0xaf469c4a0914938e6149cf621c54fb4b1ec0c202,1,dead,contract,crypto-canna-club
0x897d309b674a3d5b27c220c6bd94e6b47342b922,1,dead,contract,crypto-canna-club
0x1f0139ef20519cb0ea2d3589d722d0fc7dbc53b6,1,dead,contract,crypto-canna-club
0xf1fced5b0475a935b49b95786adbda2d40794d2d,1,dead,contract,crypto-canna-club
0x890908ad4b50848fce93c77f05a367c17374a903,1,dead,contract,crypto-canna-club
0x01a45f7fbf7453092e49b6db137568f9cfab8ead,1,dead,contract,crypto-canna-club
0xeb30bac344efaa91965bae2260f576317bbea11a,1,dead,contract,crypto-canna-club
0xa9d8fc82a817c40855abadd1195313fa91de1679,1,dead,contract,crypto-canna-club
0xe0e8c1d735698060477e79a8e4c20276fc2ec7a7,1,dead,contract,crypto-canna-club
0x1628969e0863dd7a05bc12ef3912110e0b5ef89e,1,dead,never-sent,crypto-canna-club
0xf461b7e6cc342d2942379cab5332671d4b9eefee,1,dead,contract,crypto-canna-club
0xa2a359dc7daf72681a26d3d2a376dd3566d21ee5,1,dead,contract,crypto-canna-club
0x59ea3fcce97f50f44d2fe92c8eb52850cb96a1fd,1,dead,contract,crypto-canna-club
0xfa807752170e4617bf239710b86945ae8f845b14,1,dead,contract,crypto-canna-club
0x80a4b80c653112b789517eb28ac111519b608b19,1,dead,contract,crypto-canna-club
0x01a2494d330064d829125b59548e44d42bbf0ce9,1,dead,contract,crypto-canna-club
0x68a3d50a9e66090e7ff7bfa90ba8d37fe1f93aea,1,dead,never-sent,crypto-canna-club
0x1c3046f0cabbe1d82f3b78f3b7747ca12cc271fc,1,dead,contract,crypto-canna-club
0x6c3b3437e2073811e5ad6d3084730252f1fdacd0,1,dead,contract,crypto-canna-club
0xc0549087333b7972088f3aef2b07eacbe0834b44,1,dead,contract,crypto-canna-club
0x69df7dd293eeff309d8fa12126be3f5d2eb277e2,1,dead,contract,crypto-canna-club
0x55296b41b2d9f37e13141ae0d8da0f981cdf6e27,1,dead,contract,crypto-canna-club
0x7482b336283041386942fc106fd47f99976d1a06,1,dead,contract,crypto-canna-club
0xdefc085c3c9d5d36cb4461130e5436f78dd15800,1,dead,never-sent,crypto-canna-club
0x87f9246078dae14e4773a142c8a3f2d71bdb0c49,1,dead,never-sent,crypto-canna-club
0x26c407bbd5a2109edfa76ce5f2976c216ba940ec,1,dead,contract,crypto-canna-club
0x13b12363f33400a79d318b15f2ac9867f98afef4,1,dead,contract,crypto-canna-club
0xe50c3a1f42dfd0e21a6b284d3a66c4e3667fa1d1,1,dead,never-sent,crypto-canna-club
0xb67d58cffae63a95fb380b952e65b1a8eac44d0b,1,dead,contract,crypto-canna-club
0x14a3cfcd69331cb5ae8f2186fe0ed25732634cbc,1,dead,never-sent,crypto-canna-club
0xa8c5115c8e44351b2bc2d401a1f033bb45129dc5,1,dead,contract,crypto-canna-club
0x3a83cda9dcb53bc4a06b0a5f6b47d6c8736b416f,1,dead,contract,crypto-canna-club
0xf2c130b9755ce370984b22c33aaca389e55f03e4,1,dead,never-sent,crypto-canna-club
0xb6aea9be708e318640a98a75be070b20d60dfdf4,1,dead,never-sent,crypto-canna-club
0x605f832fe7f4fd2106c01873dde9960f06ced909,1,dead,contract,crypto-canna-club
0x18d8b65f80454a74491a1265736a574973d9c781,1,dead,contract,crypto-canna-club
0x429efaaac9e43dae0e9577ec95c1b657ad1adc83,1,dead,contract,crypto-canna-club
0x5fe79feb249012773da1ef7484c29a4c4fc6245c,1,dead,contract,crypto-canna-club
0x5b7beb30a2009d1b6d388ce319572556b24861af,1,dead,contract,crypto-canna-club
0x766779a58e4a7db930cf268c67e9abe2f3a5d5db,1,dead,contract,crypto-canna-club
0x49e74e31787734c3543e99bfacd457cb8286b239,1,dead,contract,crypto-canna-club
0x9c89964f2b024b7876ec552b46780ab6235faf26,1,dead,contract,crypto-canna-club
0x52cbdd9e700cbf1a710c2e4432b6f31472218261,1,dead,contract,crypto-canna-club
0x6ffba0f70a845fd5e714257b4c4b8625f108edc6,1,dead,contract,crypto-canna-club
0xb621ebcda4cdc16ba587d893241a23f081ddfd17,1,dead,never-sent,crypto-canna-club
0x024a9784606b4484f13b68903738a930e0ab442e,1,dead,never-sent,crypto-canna-club
0x31cc561ba5e38d296ede5031c2d1dc13c5b40664,1,dead,never-sent,crypto-canna-club
0x4fb2a10a27ca6326bc16b04eb45034ead74bad28,1,dead,contract,crypto-canna-club
0xcbc68e66d9bc0d9c343a29421775e68cf0089db1,1,dead,never-sent,crypto-canna-club
0xb88f002634cd733fa51eecf4905bcdd83c5b2adf,1,dead,contract,crypto-canna-club
0x5261851f6024a62dfc804e672d68bcfae59b0c84,1,dead,contract,crypto-canna-club
0x5d54dbac524eed9fe4606f65fc0f069e704323a6,1,dead,contract,crypto-canna-club
0x77016474b3fff23611cb827efbadaea44f10637c,1,dead,contract,crypto-canna-club
0x7e5b399e254665590266ac6a9e2a1e3336576cc0,1,dead,contract,crypto-canna-club
0x004c708f399cab8d43c6994b01418d560acad8a3,1,dead,contract,crypto-canna-club
0xf10daaf0ffca649977d30ffba56404fdf42248fa,1,dead,never-sent,crypto-canna-club
0xc984ee2e04831e5a1440443a3fcd8a539db01b3d,1,dead,never-sent,crypto-canna-club
0xc2c81b77cb6495f9f698f6ba155142d62e493432,1,dead,never-sent,crypto-canna-club
0x2eaa7df909217096911824f8bff79004fd684619,1,dead,contract,crypto-canna-club
0x99b2648be337168035103df00d84317d1af2ded5,1,dead,contract,crypto-canna-club
0x66311bd2cb75c30fd472013c1353333fbbcc3b44,1,dead,contract,crypto-canna-club
0xfbddf9ac941be9376da4d845467cb360c231bb1d,1,dead,contract,crypto-canna-club
0xefae386368cc976bd653b97bbfa4e22308c714cd,1,dead,contract,crypto-canna-club
0xac50ec0180db0cc14e2e2f58a6e0968adf7a4916,1,dead,never-sent,crypto-canna-club
0xb8f064bd0507f149a559e0541ad3c0f4c16eddd3,1,dead,never-sent,crypto-canna-club
0xd723b315afeff0ad0cd7246d7271fc2fd6754ee8,1,dead,never-sent,crypto-canna-club
0x546b6b750f95c5fd6ef4fd5160e30038af4957a7,1,dead,never-sent,crypto-canna-club
0xc9bbdea607c7ef19e468208727e329b735b3de59,1,dead,never-sent,crypto-canna-club
0x2a99dfa88c6258c0fb800d03d2962c90fe16c669,1,dead,contract,crypto-canna-club
0xde3e3b60d7e513a9478ba354e799b70fc9ed65ec,1,dead,contract,crypto-canna-club
0x5dad7420beb54078a86afc70a0c45a95424eef43,1,dead,never-sent,crypto-canna-club
0xbd1aa3ed2e0bb9a4b7050a90462c2a00c56b6f45,1,dead,contract,crypto-canna-club
0xc08a111f737c5ffc07a2558c554dfc4de5694ec0,1,dead,contract,crypto-canna-club
0x46c593b67a217eca59e50ebb59185669cf6ce301,1,dead,never-sent,crypto-canna-club
0xb036d91f06e40e6c966beaab84c06df4efd4ef66,1,dead,contract,crypto-canna-club
0x052aab347cc1967d4820d8749072de5cd7696f76,1,dead,never-sent,crypto-canna-club
0xf7d2cda5fdea5b429ff1430e6544ee2ae6813a80,1,dead,never-sent,crypto-canna-club
0xf2aba42dcff6f912a2a6b4a52c279ad3246b17b9,1,dead,contract,crypto-canna-club
0x8e31c102e3be18e985fe5c3402a324a826cb0270,1,dead,never-sent,crypto-canna-club
0x1621962820802fa5a80652b782f82544ed2d2324,1,dead,contract,crypto-canna-club
0xac886baac9cb5205770ceb5bd9fee245b6d6ac20,1,dead,contract,crypto-canna-club
0x74781a0ec38e8d3840a221ad20afd4e8f0d4078e,1,dead,contract,crypto-canna-club
0xaa9365173171074287ac83c1363f3d4669bab9fa,1,dead,contract,crypto-canna-club
0xfe258bb6a21ff3f00c03f5340ff16643e696feaa,1,dead,never-sent,crypto-canna-club
0xb8466d7cd6db47f39d3a59cd6efb9d8b89941032,1,dead,contract,crypto-canna-club
0x58245020b8781dafd20ba5130c289ae9cb0e321c,1,dead,never-sent,crypto-canna-club
0xdfa8019f1c6c7fb00b62dfd1d90a0805fe3efe86,1,dead,contract,crypto-canna-club
0xd918de4b999fc75ac52bb9033a41b4c0e141d051,1,dead,never-sent,crypto-canna-club
0x1e8e4aa5df8dc9791a2c96a201ab6e7cb44e5dfc,1,dead,never-sent,crypto-canna-club
0xc9f48912e5ffd8d4d9455dd69be1a5e0d830f333,1,dead,never-sent,crypto-canna-club
0x2844855e50bc9ac1a24c441d121a9bdc491e9188,1,dead,contract,crypto-canna-club
0x5f50ea3054a3f5b5d2be6cbd87db343af8d17b3b,1,dead,never-sent,crypto-canna-club
0x1013fbf0451c94b4cef99c276c29679b51b09902,1,dead,never-sent,crypto-canna-club
0xa8122340f53c8043488335705191af5c5bd069c0,1,dead,contract,crypto-canna-club
0x534fde773bd45497752ea94ea28222f80b536735,1,dead,never-sent,crypto-canna-club
0xa9aaf28584ceadfe8747752d6ef8ffae0379a982,1,dead,never-sent,crypto-canna-club
0x8b5049f580e0091ceeb0a6e568ca9a0e7089fc12,1,dead,never-sent,crypto-canna-club
0xf0a01ccf9ad7092301e3e883e86b7b4b304a7a8e,1,dead,contract,crypto-canna-club
0xf30be19c1b40300ae32f6b8f12fbd8a211fb9ea4,1,dead,never-sent,crypto-canna-club
0x66bec918f6f8c753a2eb2464d54756ba351638ac,1,dead,never-sent,crypto-canna-club
0xf2de702b354727b9d488e8c32bf3ad70f5c77c4b,1,dead,contract,crypto-canna-club
0x19b3c777ee31974094518cff8228c6e481ee4dc7,1,dead,never-sent,crypto-canna-club
0x51b09df21b7554d9b7a3a259afefd1fa6f458ae6,1,dead,never-sent,crypto-canna-club
0x774adf5811f765054d6ef7c90779538c124a5255,1,dead,never-sent,crypto-canna-club
0x939138b7c03915c00cd95d3607af6ef05503ea3f,1,dead,never-sent,crypto-canna-club
0x67fde19f0178e71abb3a0a62d2fd33470d3208d2,1,dead,never-sent,crypto-canna-club
0x1edcbf2ab3473608aa0e283b85eb015cfb19f199,1,dead,never-sent,crypto-canna-club
0x232277915e57c76c4ebc0bfe67c937617c76255a,1,dead,never-sent,crypto-canna-club
0x867d078c836c6f40c316da3aa4f5c79f28f8e53b,1,dead,never-sent,crypto-canna-club
0x6e8945359e5c8d45c2d1f2bae89ca3e503643732,1,dead,never-sent,crypto-canna-club
0xb87f9c5ea09d09847f770106296b40cd6a7885f1,1,dead,never-sent,crypto-canna-club
0x9508cefda9ad2cd206237efc2204edeaf5c94a38,1,dead,never-sent,crypto-canna-club
0x4e0ce1355aedb4cf531394df291a76506ab2235c,1,dead,never-sent,crypto-canna-club
0x530999fa8688fc0730ed1ad925bb1235b4068c17,1,dead,never-sent,crypto-canna-club
0x3c1de84de1cc0fc37e7aaef3f2b81a1c731b6ff9,1,dead,contract,crypto-canna-club
0x9c269f7656d66d2a2b41a0e82141a2367964ccba,1,dead,never-sent,crypto-canna-club
0x197ff7ff79d6f29924621bc6f519af370da124aa,1,dead,never-sent,crypto-canna-club
0x3ac415b9a412494c37249da50f3f5e98154d21ed,1,dead,contract,crypto-canna-club
0x159429ae206ac52901b57ebec116bd9d05b5e58b,1,dead,never-sent,crypto-canna-club
0x5ce84e703292ef2e1721dbc1351ee4e1c6cdbe49,1,dead,never-sent,crypto-canna-club
0x5cdc34315faecab7ca0010073ae5b6ddf959e73c,1,dead,never-sent,crypto-canna-club
0xd70e6e0c52804fd755c4a57e67e7d7e40c3e1287,1,dead,contract,crypto-canna-club
0x13e0d0a9e4024f1804fa2a0dde4f7c38abcc63f7,1,dead,contract,crypto-canna-club
0x77039399801f462b4ed13444a266b16355c471bf,1,dead,contract,crypto-canna-club
0x99ddebdae29821b15bb0b970b4459cc4aed61b2c,1,dead,never-sent,crypto-canna-club
0x6bee081f5856f763f91dfcebe86194449581a527,1,dead,never-sent,crypto-canna-club
0x9f453f9aee026b4d7970df654c5ca7476a400d58,1,dead,never-sent,crypto-canna-club
0xf59c8d614f72e73c9cf92a9df5f3ab1a6cc6ccdc,1,dead,never-sent,crypto-canna-club
0x80890f7fb7c0971b07ffa07ae6d4133085dd3d26,1,dead,contract,crypto-canna-club
0x699cce1eca250d067e84b08a9b267aaf1432fd4d,1,dead,never-sent,crypto-canna-club
0x9612cb3bf4d6596803892eb3cd030c9b69d0b615,1,dead,never-sent,crypto-canna-club
0xe5db01c9d588ede7c9939753fb877ebe296ba529,1,dead,contract,crypto-canna-club
0xdc5b036dd2939106ddf0c3a3060c0f2927ab8c2b,1,dead,never-sent,crypto-canna-club
0x43804905c02f551ec5420a88005bc66a1baf3ab0,1,dead,contract,crypto-canna-club
0x29526df890815cd9f839a241995704bd633c7697,1,dead,contract,crypto-canna-club
0x937c1736501951ac8b5b1f687d9d3924148bc556,1,dead,never-sent,crypto-canna-club
0xb3c6f691c61305418563df31c283c3583184c584,1,dead,never-sent,crypto-canna-club
0x586a947406f866fe579ff690891f9a6bca5312c2,1,dead,never-sent,crypto-canna-club
0x5561f32108d280ea6c921f28d1d7197d72980b9a,1,dead,never-sent,crypto-canna-club
0xaadf1fdbc3d5f23784f327685a947d2ce4ee8294,1,dead,never-sent,crypto-canna-club
0x705fff613fb72b7ac81ea3e1a61aad9f59f91bdf,1,dead,never-sent,crypto-canna-club
0xf735a2e05844f8a32404a7f2368cd5ee0387d280,1,dead,never-sent,crypto-canna-club
0xf99a50dac7a4776bfa1d02b16180feb360b4dd16,1,dead,never-sent,crypto-canna-club
0xb50352167b2b961654159febc4736b779c9b9412,1,dead,contract,crypto-canna-club
0x86b5ace2ed2f8f4cdff9f78f3b50e49963ae478c,1,dead,never-sent,crypto-canna-club
0x785423440d5b4d799df9f0c439921801d881f191,1,dead,contract,crypto-canna-club
0xee9f5f04d4de1db0c05879ee5d87ab1f448c4102,1,dead,never-sent,crypto-canna-club
0x46e52a150ed5235910ec3e2e688c72ec0b6028b3,1,dead,never-sent,crypto-canna-club
0x05ee3c534b3c640889148539568847b034424be8,1,dead,contract,crypto-canna-club
0x05eea37708ff0f1fb33bccfefec659fd5225c9b4,1,dead,never-sent,crypto-canna-club
0x88a72ff1ec6162a3a6320c2b1db339d8ee6b9ca6,1,dead,never-sent,crypto-canna-club
0xf0be18bcb2be01109c25384f14073a0557377b8d,1,dead,never-sent,crypto-canna-club
0x8cb194a48f0e37ab10661ebecc67d4de5f4bb5a9,1,dead,never-sent,crypto-canna-club
0x22e33fade9b6f805f3e75c7f9f15ff19690a2d0a,1,dead,contract,crypto-canna-club
0xd119f2f744b29d0c7978ffff3ab68f7754f2f638,1,dead,never-sent,crypto-canna-club
0x3642372b816709dbbea0b2e09a7e0f70548a2391,1,dead,never-sent,crypto-canna-club
0x345b47bfa3d61b8826a1fb4ac6f4c18cd15a6079,1,dead,contract,crypto-canna-club
0x51ceb786cc0936c8e59232bae365bb73113a2e10,1,dead,never-sent,crypto-canna-club
0x5ce0b7c8389978f616bdc00b5fa7d12bcbd9d1da,1,dead,never-sent,crypto-canna-club
0x718a03113ea3609cc4b188dfeb9c45d9d80fda18,1,dead,never-sent,crypto-canna-club
0xf9f508c0d640745297cff2507b1f05c784cabbec,1,dead,contract,crypto-canna-club
0x5b222f8bc75d9af8dfc64d1e1affa54beb828cc8,1,dead,never-sent,crypto-canna-club
0x2eb29030b43fb4ca2422b3335067779860366d1c,1,dead,never-sent,crypto-canna-club
0xccc4372a06ae0a627b341450b7f4c802c1e23100,1,dead,never-sent,crypto-canna-club
0x92812de516e8be5ef4cd4c8916626870fff95988,1,dead,contract,crypto-canna-club
0x8b9bce95528d14fb59be69a9e4aed558dbeb603e,1,dead,contract,crypto-canna-club
0xcaa1dec19bccacd74f0c12b89f0c22c93133eb7a,1,dead,never-sent,crypto-canna-club
0x050ef2521d9456655fd8495372e91e10108f9fab,1,dead,never-sent,crypto-canna-club
0xf14bc852bbd0fdf2822afa39ecb6b514b55c0f99,1,dead,never-sent,crypto-canna-club
0x895d12d2ba8935086cd2e553a34a1037b5373df7,1,dead,never-sent,crypto-canna-club
0x2dda3e8b4fb51d40737056d67414c0b4be920690,1,dead,never-sent,crypto-canna-club
0x327aa975cde6dc5061420843bf887365c512b624,1,dead,never-sent,crypto-canna-club
0x122ac1c050d17a82ec8f9ebd8721b1a33ea40284,1,dead,never-sent,crypto-canna-club
0x69808d96bda09a8a9e22a111a83a365df35d206e,1,dead,never-sent,crypto-canna-club
0xa8501f6350da64fd0298bdc4985eeca7fcc5f51b,1,dead,never-sent,crypto-canna-club
0xab4ee02b16ad5039b6a4412bc947ade184d3086b,1,dead,never-sent,crypto-canna-club
0x3906253e8b0f22211b51d3d2d614b1f18addbd75,1,dead,never-sent,crypto-canna-club
0xee14467ec4004675a45521e4b5a5843ade551d2e,1,dead,never-sent,crypto-canna-club
0x5a2789d77ee4268409a50f24db828efdfbbd3c86,1,dead,never-sent,crypto-canna-club
0xc7f354b172e53c0dffa8db17b028f634cd2efcbf,1,dead,contract,crypto-canna-club
0x1d7e23a8599df80853f01ab8020b1d979974f21a,1,dead,contract,crypto-canna-club
0xc84ed4a3a2e9c899bbc17bb260363d3baa5e6909,1,dead,contract,crypto-canna-club
0x05ae0683d8b39d13950c053e70538f5810737bc5,1,dead,contract,crypto-canna-club
0xd3de7e5bd37e1642ca568a21baf98e30c066de62,1,dead,never-sent,crypto-canna-club
0x57837baf2690a0fd31470bff9f17371ca7c2926b,1,dead,contract,crypto-canna-club
0x3c8b1881df62a2b96bffa01b298415074afeae61,1,dead,never-sent,crypto-canna-club
0xf2d6434fb48b9ab9d9be7d4732c3eef2316ca934,1,dead,never-sent,crypto-canna-club
0x6c628ecc2527cc784a672e26152f6d961b22787b,1,dead,never-sent,crypto-canna-club
0xe5ea6daa019ba806871bfc373d2196b8bacee422,1,dead,never-sent,crypto-canna-club
0xac931a58cb1a877febfb15d1726a2f55ce533d6d,1,dead,never-sent,crypto-canna-club
0x24057a4017f8dc720a9d3709ed7e4ee93304d9c1,1,dead,never-sent,crypto-canna-club
0x9f1920d0cbb63ed03376a1e09fd2851d601234c8,1,dead,contract,crypto-canna-club
0xcaaaec015a35499cadc0229e7c73ec305643f444,1,dead,contract,crypto-canna-club
0xaf93b1c6c44c3c679e159ea4030aeb65fd461cd1,1,dead,never-sent,crypto-canna-club
0x02c12c9b0d7309bb2980a6f18f233117c24d4b7d,1,dead,contract,crypto-canna-club
0x7b6292ca35c20f26f6821062d84e55e314241ed2,1,dead,never-sent,crypto-canna-club
0x6545a0dd57a0087b9db8e8a67ab7f633b2857efd,1,dead,never-sent,crypto-canna-club
0xceb20dddc9c9ead86d302d705bf02636ff906c59,1,dead,never-sent,crypto-canna-club
0x99e30f65c141cf4c8d8a423cb65a7e96870e9c48,1,dead,never-sent,crypto-canna-club
0x6e317ff3b57fd0ca0bd74fdea409dac59c5fb237,1,dead,never-sent,crypto-canna-club
0xf245cb6ce2dc996ec16a74c5bdaacdbd4fcf16e9,1,dead,never-sent,crypto-canna-club
0x7cd38139ea0bb92937e061cb863fb1b4e9f1ba4c,1,dead,contract,crypto-canna-club
0xbde93ab6fcd81158bf3e1da50d6d3ebcd4c31d21,1,dead,contract,crypto-canna-club
0xc0a61b303c08f020f5f0ff5edeac877bd6adcd6a,1,dead,contract,crypto-canna-club
0x80346fbe4e69a49c3281891f8e8d0424f63e4310,1,dead,never-sent,crypto-canna-club
0x0af7f9d16104befc9604556c7f30b1ee1f361b13,1,dead,never-sent,crypto-canna-club
0x1e5847c75c961c25ecd81fcae4bb24ed5023da2a,1,dead,contract,crypto-canna-club
0x301e79c764c688f794d0bbbc84cc7a27477aa006,1,dead,never-sent,crypto-canna-club
0x305e90e2699e30c7a611d59780dbf1f8f4f72b4f,1,dead,contract,crypto-canna-club
