addr,amount
0xce22b873508558fa912171272ae7dd198e038e77,148
0x243855a8b3a396fde6d0ab645bf398e70d109d42,41
0x0000000000000000000000000000000000000000,31
0x159bb93d223ed85282534d95fea583fd59a0979b,30
0x5203b2d2d0e0297a838ffc733756425a91bc82d8,10
0x62b2cd4f75857c300e7e504658630e367b500f64,10
0x843933677d4d71c625b469b9bf67d052ec79be55,10
0xb50b1db4f8d491f9166f7957afc084a0c6fbc62f,10
0x00b268b7118a5f710c56f363d90c6789290be818,9
0xc59523e69dc4ef360702fe9cab9ac7376b5a4cb2,9
0x1c01e5af16d5803e276a7951203df74f81c661fb,8
0xb5914c9fd4732f60f8716282c557093dc343f729,8
0xb6b2e6494ba0de52929bcab1970138590e6758bc,8
0xf3293644ee09ace4df9e65c8d38f863acf9c30eb,8
0xf42ba70c865243d67baa0acec6b097c15c692aa9,8
0x0f0d5658118fd011a3e639ccee595f3a6a843c52,7
0x11859ec4451060063522530df5a6707daed176cc,7
0x45a96134be70943cbf888969c460564bde85b4f8,7
0xc09c47a38457df9e6ead76cc1ff4fb57ea3063b1,7
0x18c39df51bfac337eeda798e806feeca01713cf6,6
0x22dfaca0f13d668f3656d949ce27722166503d2d,6
0x35472946a0c30c8928b88b95e327330ad85339c3,6
0x5c1dec205c738028f2ed0d43a1b53626bdef427d,6
0x7139c2b6f4faed0c19d45a23d637006e030c3165,6
0x7c29a07dc64f30a9163b0dfc58746f0554546d8a,6
0x98052e4fcdc71b8a1fe0e105ffe97afaa43542cd,6
0x9b781c925ceae60008049b41382c84801057d282,6
0xa988184be794aa8dd0719a190e96a2b20d0a624e,6
0xbecd50849dd20c751f30d4ff28019d9eb1121d96,6
0xd9f5e98ed118675670f9176774cccc3163b52749,6
0x02df883a11c1123ab6f55e79bef11f9a2b67bb8f,5
0x0c2382606735730fe3b697ef108af56c9dd1ce4d,5
0x123bceef1e140ee4e973d63b0fe5e0527abab4c2,5
0x1304fbb5f43010a3c439fa833612d921fd6fe89c,5
0x228d12f2b7892c8b74dbe1093405100a963b4f40,5
0x3a9f242aaba1086d350a1695cb789617cb1d1c88,5
0x50862dacdbc999dc949cbea90590da8ebb7ef421,5
0x5396f55cc2c057fb12febeabde142a4df28a7864,5
0x6cfa6ce381cbea762a5a1c2e3aa16b8eaba4dbbb,5
0x957f5ad27f22c58da12587005fb4a4d42b3217b8,5
0x99c3c7e0b455d8bcb4c357cb17bf1b9c1f9692e7,5
0xa350b83d0bc82d502e0a3b4b33f51bf7bfa08a8a,5
0xa5bae4379d668517d6fbb14de06355faecf91ffa,5
0xa6d5ca16e9f263b1a7151ca802a2fb442763d72e,5
0xa76eb34fc5818e01d2f82f630ebb8dfa9c664553,5
0xa876fbdc69ca5fe1ab933dc08c35156f9dd02cc2,5
0xb493df7a62a9cf70a6572e1fe91b71e896e2c8af,5
0xc10b6dddecf0703282511b3197a79f66d565d769,5
0xe4fd4de76c36b403776815ff80078e6e9642923f,5
0xe8b15f1e49e3580b21b886ded872bd6b76f6ba3e,5
0xf5a8ac14c00ec8e14237005749a69154df743203,5
0xfe06fac5a7744a164fea07df0a7df59714337254,5
0x037535a02c9bebaf3e0b972e768a13d06ed52065,4
0x20a4c86097179dd41ab5a3d0fb3df11daaf74e80,4
0x24e2803334f53ca7d02dcae40159234cb481dd13,4
0x2626332711cf430dfe24e18db3d581d61df05379,4
0x28d65fbd57b8798c1e6fa92b49c0aa38e8737b1b,4
0x49f266e9a25e7bbdcacf2c825b5de12a9fdb6edd,4
0x5967c4f6cff3a4a7d4169f48e93e51d4bd844110,4
0x5a5ec5ac89f560ff1541eb59484665ce232ad6e2,4
0x6417a9c3e39a6727229022b1df30b804c94a1e71,4
0x6e8fe8de45eb4afd85f56b8dd01e46f02f1073b3,4
0x770e038c2c0e3559f94a626f596c6e742ed39458,4
0x8799411dabbf0fde617d1096925ad4961e544acb,4
0x896db4378a7ca22e893c85ae878743a379d91c3b,4
0x8dab4f0a790d4ff11314b92a77b607caa3fb580e,4
0x9060f6e9cffb1bf2bc6f9aa43ff8a3878c0a5165,4
0x9113e5a6b4b4117e4fa7ce3b79d63b9849ccda35,4
0x9747d75bcd61d6f937fd604068eb929e95759fd7,4
0xa75225be32e43af401827f8c4a5eeb4c3990b96a,4
0xa96cc556262cd670bb22029b711a5e21fc4d7761,4
0xb91640f254962352444bcd833c9528ffaafe98e9,4
0xd44f9db7c700aecc2b735ed2b2eb9463f8a494e4,4
0xd4b49bf8759fb7d4c3f99b6bc3d32050cba57712,4
0xd88d4f99adc42a57e5949c94fdd984f43811f344,4
0xe5ca8f322f270fa8252fb62cb13df6f3793d762a,4
0xe9a9f7ed56f20087365b9f8582c63c3c13b358a5,4
0xeaefd973135852d695e5a683072a67cd5db32fdc,4
0xeeaaecfccd57cba014173e2868fd1f360a357447,4
0xef0b4b27f921a2891f88a7bd4805e9796d27864e,4
0xf00492c2511e7592f2ed8c0ac9c66ac4cfcda62e,4
0xf6e189fe67a3d0b960df5585eb8183c2bb1c27a6,4
0x050d11f95256800d272cdc8d25e80390b4a39252,3
0x054a4d52bbc3bc77c191ece7472e0d547d9d51f1,3
0x0d0bc22d5ce254b920e2bf9bcd7a64f58a7b3a75,3
0x1af958a96739b908cba31f4c4631d01b6b55d5f6,3
0x217ad8598b47da344230d23dc2de4bb2a75134d2,3
0x2631946cda85e9a9171d40fa818da5ad608c5967,3
0x34ffe106f50ced4de74cf5c1012a1724c5fa21ba,3
0x3a3590bdf3ab549067dfbac8eb63d955cc068954,3
0x3e12a36dd2c0be409c36ae431f0eaaf357a56343,3
0x40de1cc31ac82b95acb83b8beb36751532913ec3,3
0x46e9e18abf0e2c8e4789fbb7cc8f2829fd63668a,3
0x4a83905caa2185c5371bb3fdacff260d02aa3025,3
0x4e5e947133c59a59a989f42bf693aed48634b899,3
0x51427d3cb84129bd6d05ed16353b92df2a770aff,3
0x551372fe0b7e2a6b7d635e8d1784b4c288b932bb,3
0x55a4952bee6abdfe25df088d13aa2524a8c598c2,3
0x5dc8c958b2dc0f4169a8b43b51fbc49ee74dd05a,3
0x5f3f9c23da0ef66f6e0a7c7aa0ec2c2df0fb2be6,3
0x61133f52b66f449dc8c3dd15161af0dc3914a90c,3
0x62cc8d24c696430c331e2018ff94e76003272323,3
0x63147e8c3888ef1a90dead78dbfdebe0d5236114,3
0x6b3fa94ce1dd458f417e29bcd62f4149d8729114,3
0x762140ccde6372e9ebf99da144e78331c3936931,3
0x7913bf3cb9408318c7a09f527ed4756cb39581e4,3
0x8905ee4bc06c5b6db46ca90ec9bab73b6201c0e4,3
0x89b0c04fe8540fca5abce6c18f4654f6576d37da,3
0x8bb7b936e3feca531138c4d181d7d65d59f1ec96,3
0x8e05013615329523e46b6170ce90ab49371bd89a,3
0x8f677f7642f32eba3e27ffcf1c2eb11f673ad4aa,3
0x9ee389193fdd041183e4836ce5a3c4d4a129cb89,3
0x9ee6a3b7cea00b70f328f71f9a21ed2c17829800,3
0xa84e05735b123bca065d855e78a618af3ae4e257,3
0xaccee174b0fa1d718039b808d367175d462ee214,3
0xb23330f614fc97396b003b633f791be60818d40c,3
0xb2da684c55263c40b2382b88dd6629d222c9a3cc,3
0xb7b4b2482ab2b7e4555cf323584b3ce5ce2bea30,3
0xbeaf5568a9f027b0b1d5ca265b48012b7a8ba706,3
0xc8c7ec37429c91229cad7b68ca9d06b4411ca6b0,3
0xcafa553000808be1a507d1d6a84e35f7aa905a12,3
0xcb136543fd6ce5bb38e0aec4ca000d440802befa,3
0xcdcad98553ec2a542f3d192c5beed93096111ad2,3
0xd0bfa0a38859b682d163750e02d9daa1fe6e9561,3
0xd5c1dd04e7f6d8ef8ef371e0a2f5f4dc8e1c960f,3
0xd62da5f091dc62487cecc53b22c778dd60c24967,3
0xdd0b7ddd251c70e0106e6217e516a50a6bd303f4,3
0xde31150f0485651a77552479b464659d8c274d7b,3
0xdf2788b6797f862b6bea2cb59faaa8e9f789ce81,3
0xe1903659c4049c05429d8c1a1b8398566b1f31ca,3
0xe382410739002d822fc707c77667bf9f928b2857,3
0xeffb61a74238c5bdec0f5c2904960c3e2a679ab5,3
0xf447cb8fe5260d852b74a12f1fd5a091e89dd954,3
0xf692ff058f43922c1952d9596c0c2be2c428ef32,3
0xfe792b83fe7eaf3babefd9afda09a53e71c73583,3
0x0182ab7d73ee26a30fc333539553af6b4c36f473,2
0x033df7a4dc7851fe9e5dd4f5a97a903a3eb08782,2
0x038b558c274e791766c26bf171f35c019aa0f8c1,2
0x08624cecdfea873b68cb2755b25331f989a3e974,2
0x095089117ef2284dfad94478f55c2c37ed35d102,2
0x0bbe11795e694a77c120aab68f629ec0fc6c1eb5,2
0x0c98dc7aef0dfabecf3964e493169cd97306b091,2
0x0d81cf154519412643254de1a9b60789e6c3f93c,2
0x0ef4a381be94125dda837cbaf1aa772d913dbfea,2
0x0ffa9730467580216f94daeab1454857c92e1c7a,2
0x12b806d8c23bb83693461fa81c61e17378b46800,2
0x166566cf3b4bc97fcea72c8ef4cb5227b5c10e5a,2
0x1c0ce76fd1ae171d192bfb81de44ca8e22f1d576,2
0x1c400f46bd88373c2212bbe1e1ca74c4ca8ae02a,2
0x1e71213e4c6ddcff3531f9374ef09fbfe89bc5f3,2
0x224e2782f7879f88b8c3173b026e97a51838a84e,2
0x254103444dee8d554572b0c03bc58b11f7cf63b4,2
0x29e96ea4a59749d0275218333708b0c3e6a6267e,2
0x2bc9540395eae672516dd650a857b8362aec1f72,2
0x2c2031e9db8913dc011e371b9625c2b785ecebc3,2
0x2c3addc560af3f2f151df62ac455829060b4f712,2
0x2d41013bad503171c13a5a949d6e3c50b7a73d15,2
0x2fb551ee117fad8d949ae02d8b8c779a0fbd51dc,2
0x31b3755208f110076c3f5fd51a8e95218ba9b8dd,2
0x40d8ed133aeb661fa10f251c1ca2e8da086a43c7,2
0x49cec98353cb3a4e348dbdda8eaa55c118b94319,2
0x4c308c39c8075872fc4aff060f1035a36158d5c8,2
0x4d6c69fedcdac84e0919cd312678f2fd8eaa222d,2
0x4f95228e8be2f6053d9e0401a3991a7812be00bb,2
0x5229ac6d55fe378e7d02fd7ce737cb079cd12440,2
0x540b17c3104bf649f98295c2d1551f286e1a28f7,2
0x540b7fad0abe6e75246fdf1fc2920b2c0040ba09,2
0x54c5252f7878d09b562a2d0812275e78bb4a93f7,2
0x5531b1372d67b0b2075529354ae0ada941abf744,2
0x576c4df0bff4b0c8a136ae9bf013a4fdab890974,2
0x5bd35b4fdbf09bc6f8c4f4331ac18520036882f7,2
0x5e041c855f8318f5d99a23c1bdbebedcacd51747,2
0x64af0b5d98a37a1cd4d442171b81e4ba2cf2be73,2
0x65966effdfa35fbdfb6beb17fcf28378e8347a0e,2
0x6b91790fab2e0db8ae298038dc28557e5450adf5,2
0x6e4576e5426e33663e6362d42a115b2abbef657c,2
0x6e4dfac03c560b4a5d3eb8ae0ddbac1d8acefcb5,2
0x6ea26ea8c83eb050c21d6f97f86b3e1b6fa9544c,2
0x71eb350ddf9b03fa80beb963a1e3d5119b0b2e2e,2
0x7253245cd868242931adff6131a4e55e25f9cf70,2
0x7296077c84dd5249b2e3ae7fc3d49c86abc38c03,2
0x74f478d2a6183bec8350eed40539dba9e449567f,2
0x7506d611c84e298feb5d514699e67ec9341d2e7a,2
0x7874165b36a66bb3c557fd2ae533b3da256fb23b,2
0x7e5dbeddb463722e49abb47afcf4ec8bd4c6eb9d,2
0x814d60499bd401eca426c86ee9b4167967dff8dd,2
0x8565a95c54fd30f1d3c1a8eece983b6bee279466,2
0x86d67bedf3d62103a497593428ddf94ab4bd2d96,2
0x894085bbfddbd1e5257ed33886bf1b3ba3cfb492,2
0x8e83cf69687b219132bb702586d729d75ea43c35,2
0x8fd2f72b86c15f6218141452f232b02e6e28ddee,2
0x9056de63f2643a60f4bf4698204f69b560ad7869,2
0x955db0b10bd04344b65f18272813cadced90d4b5,2
0x9578adce3191d2d324ea508691e2fea881e1eabe,2
0x979d52b62912cbfa6600db7237906d70b3b9e75f,2
0x97c1beba611dd6f50413c471d2c663bbd7438b16,2
0xa5155d13cb5335014a01e6ecc7f8674efd2cb345,2
0xa51b5e36a158fd26dd08209d61d722e5aca78110,2
0xa5d2ec38318c1f24906eb7a94d3df5cf0e66263d,2
0xa5e8e74cdfef5780123c3152aa848c453e043b09,2
0xa7dd4310102b71beb4a1928d7ce95360a291e46a,2
0xa81092073d455e5f1b18cb9c1385b9ba841f87f0,2
0xab43a2fcb6eba579d408ecdea5f5d81abe73c0f1,2
0xac4517807eb2f6ee54844a0a031026efe6056083,2
0xae5d196bff4740c6be6c9a90f8e8228e2b525f6e,2
0xb03bb5756656d64f2a070877f29440a4e3a74344,2
0xb3f4458134b9408a266138108e4598ff7e4293ff,2
0xb46615747f9abfef0379ffe498e670252e6ee983,2
0xb49b4a2d614a340818e43c4769a303eeccd040fc,2
0xb55cefed339ffd7fd8801d6b4d87fc54128e67c6,2
0xb5608624790d28fc1cfdca514cc7b1522855c43c,2
0xb62849ab9f79a05c181057aa72ce8a9ce4ab16c0,2
0xb9bd55eb41a48dd8b3141a09c4c6d829b581cfeb,2
0xba0034e6a3ce5af7be8ce0fd171f200ce0995fbd,2
0xba30b2f2517da4902227ee3fc058a9de3ab481f1,2
0xbb6a0fbe1f1d4d7d3df73efa4dc2888f6dce1736,2
0xbf19dc9e6f4b1fda13ca3e862b25da8afe2fcf58,2
0xc0a6188d31dd003c94c516f6abedb786c7a01f83,2
0xc4db4bc4d72d6120d324c335d56fc7a6822a9718,2
0xc69742add40c9e3c03fac91eb3ddeedd7ce99bf4,2
0xc7e13786d7a46583003a34ec948372fbd9bb172c,2
0xcb5ca3aa4aec244fb4768e78e9ebe5e63126ec41,2
0xcbe2ad8e3d13c6f374730030ce66f92b27f4d26c,2
0xcc3692ff26a84063181e1dee17d4a9694ac771b6,2
0xcc50d925486bd1a9e82a36afb22efa17aba2ca41,2
0xcdc900263011f03a018fed4ae77ca1551c1a199e,2
0xcef76d8b30ee2e99e6d43ff4e64d5bcec46ad492,2
0xcfe7a9e2f7f62bbb0d522a041a8485213cee3351,2
0xd36237884bda43be128f1e53e8e78db0c62aa11c,2
0xd4b15f8cb5848de16e8c42ec2a7dbc33e2910874,2
0xd4f1ace4299fe40566adf8813a46f48bb0383e37,2
0xd8364701942f90ceead227621bb473231f1e1dc2,2
0xd96cb1daa513cc27dc6273fa332b8d87ec56daed,2
0xdb269b9ce6e725521740cf962b7a96484360d5e4,2
0xdb6843e880828c34326894801b253cc8f4e68c34,2
0xdbc5a2c5c88f79f7e134c2d33dc0e61d97ce73f3,2
0xde2d67c54775b9cb0cf0dc08665e3f253a00638c,2
0xe10b447c2b7d9dfd8a946a171217c9abfe411f15,2
0xe4bdee211ac899c7b8b3087796d99372b0de4bd3,2
0xea268972b219519a085a3673d02eba157559d49b,2
0xebc96a35d36936df828f842756ecb491d9c8b7fc,2
0xedd740f63b4b2c6fbf6fa4ab5e73bfab2981e27f,2
0xeeada5b7250a55a9d0fedd4d753da65493801344,2
0xf0180d603e266d8ea792d5ba4a36c552ac37fdbf,2
0xf2604ee1ace111830175ce74f6472261ad103757,2
0xf3b74db5d5a6da832d97bcce293cb9358acacd8f,2
0xf526dd0c231f3339cb161c6a7b37caff81960a07,2
0xf631eae9033f881a35091f221ac20ee0c6b05310,2
0xf78553d6f40989079f75273ba147c13cf419e8b4,2
0xfb9e4e5f995887cfd30f9c6052bcd39cc76b927e,2
0xfdb8907a9989111aa0383d103adf1b4aae4a4ddb,2
0xfdffa5b8848740f9210562d39f14132ee03ab017,2
0x00014111988ee55dbcd8469b02e01cdd9d772849,1
0x00424f585d92f32ecedc5d33d8291736bc8fb4e9,1
0x00653d03b147a663390dd5c5b1a55dc9cc0bd2fd,1
0x006a35cf498028c4cd81856f20caeea120094cc2,1
0x00f5ae692d8934728c6d44211979e43e01da21c4,1
0x0155704a00853ea14090b8e1a925372df92166b7,1
0x0252bf2277ac005d83dea58a34932902356673e5,1
0x02d3b4791c23a01a8d576593ef7af4a8e16cbcbe,1
0x056151caf3f6d9d9f69e67cc0acd12de0aa45934,1
0x05f013faae4229e5600d956bdcf1107b4be6a0f1,1
0x088f32e92750f0321a81442b2894017750cdfd0b,1
0x091b404756f3a6696e8fbd51f96e96dfb18d9abd,1
0x0ae723ff26fb8c056740ed2027c32cce4991c776,1
0x0b0d5b873ffb6339c76f8fc0efcb353163a593c8,1
0x0b46108307c3430f903c7aeeaaa197fef4867259,1
0x0dfe53e37b3cdb098d73e0f4016c12b7f678bebb,1
0x0e177146858f6a380ff77cbea4c5dd1bbcec402f,1
0x0e7045830f563fbc67dad4c30fa4e0171497363f,1
0x0f28815d7aac89b02bab45148b77ee2dca1198a7,1
0x0fcbe166e2e7e3b7987ba7ad63fa83461117d490,1
0x0fffd0231516b69c68b0150ca99346efa5246686,1
0x103ee0363c4a4c03597ebf1b72fd59c4ed7ddbe8,1
0x105a12f5890021ff640f62de4cebc0f5d2af553c,1
0x1371efc388d42c50df46966c6c9f612888d5c019,1
0x141d219f158e2b5bf86cbcd5b6778153e299f053,1
0x14621d75859d787b9672f9bbeba17aed9547dfef,1
0x15548f3746dccd3873b6cf66a5cdd510478d24b4,1
0x16e6f2b9d07b929f58355778887733677e765337,1
0x18490531e1a3527316da47f5cd187d7c6ae46b50,1
0x18b9bfa2d8b24ec2ca1a20d42395b2ca1190bcb0,1
0x19132fe9fb28e923da6ed8fd26db13e8aa85874e,1
0x1966046d55af0b089f7dfe37a9774b37307e74ae,1
0x1a1d8a4da8d4c67e13c7ab22ea403ba747943cd4,1
0x1accffe976fbe307e0d2b2961e1ef42bd15959f0,1
0x1b04491c3027969e1153ed2e763956859fe55057,1
0x1b850778ada35efe0217df026e0c2d0b493a62d1,1
0x1ee3e37d73844c19210b3ea24481762d13ceef56,1
0x22dec95f72f3d7bd8143ef23e7053f5d2e9b9bcf,1
0x23a0896b92cdc7df51c125bdd0e3905128b2a0cb,1
0x23dd01ec30a29e12c39b7b697f998c3af57a971c,1
0x2404cc279910daea3b619acc374f76294142a309,1
0x2507a82c8d0df99179e85f6caff95e4f2efa9e62,1
0x254768d47cf8958a68242ce5aa1adb401e1fef2b,1
0x26d2fd4636e81fc094fa49d165596ea82a69d560,1
0x2701b92b31fb6e17c6e10568a096c5c3987c3ad6,1
0x2909274430f875b7c65ac25d1e900816ec96e6d7,1
0x2ab6f51f76a8bfaa260ffa7792e5b399ee0309b2,1
0x2acfd0152bdbdd5aed36984d4897e08449a189d7,1
0x2d01867ec76e026f629cd0b3fbf1d91b31d2048e,1
0x2d54ee0d7c55d67d9cc31fa42304907da64d5876,1
0x2d9cbc4ecfbd1b8f66aa798fd51585ae058daa8b,1
0x2f3e361fbd5eab9e384946f562bef4afa5c22b1a,1
0x311b0b40eedcf3fd99119a7e25688e15e41eba29,1
0x338419bc85bb2fe07219cea73af9d70d8498aeee,1
0x37dcf25b56c4d112eceda5f72595525620696918,1
0x3a49fdeeabe2ef0d85b0eeaecaeaa883e1f5cd10,1
0x3bad58514a98fcdba7ac0b010a0554e3d724f031,1
0x3d6ca4b9d40237b581230154f33185e8531b0993,1
0x3eefbc9943b2afb7c67842307380da523395bf46,1
0x3f3e4d8a7f05331a1ccf79a7018ba6b75b6a27b9,1
0x4183fb45c316ad244a85c20702305b6e6117d70e,1
0x41b79f42a3b6fbca794a702d86e9a6b05a56994d,1
0x42a5a3cccdfab70d792541551a737a9762d54d2b,1
0x4419bc78f55fd6114303380c1f4f79e7d1be4f8c,1
0x44b31cbab22415884bf063dbe6067d6766facae5,1
0x44eca60441d3970d8d60ec3239e6d6fcb8b45a3c,1
0x44fcd4610acc8cc1da18a491d401421662da5366,1
0x45a89affe69d4f2599b85069f642d85f8fe1cf36,1
0x4791311c1953d343c753f8ec830339c066667bba,1
0x4865cb919a5e82539b4ae3ef14b344eaf2ffc405,1
0x4b790db2046ab8ece77852ae6f62df2c9ae6559a,1
0x4d32c8928dce876717232721c9bf3f6bc5e94862,1
0x4d66df5af7b904b3e640e9049701311a0c760b79,1
0x4ecf2d3a41f0fa23ea462b6fae68b940c453791b,1
0x4ef9bbb67c428fe52fecf5fc307ccb1ca2950de2,1
0x4f67d4909fbd3181f31931b434357fc22e379104,1
0x5017750e3219fb94bec436ec31f835faef11282c,1
0x520da439484591270433eedff25b4d08e22a65ac,1
0x5249b285ff924cb0de2d6d75fe91cab7b2ef0483,1
0x54c98d7c0fd45a2568dbb8db49aa7ac2fb1d560e,1
0x561d6620be1724d5d37aa8d2659dcb3c3d2d51ab,1
0x56f2205e445c999d83d8607e03e19cdb87f7462c,1
0x57a415f5e64edad0a8f5a15c6f55fe8d6b24bac3,1
0x595d92d4166d71380af13aa8d3b54cb3ac614e46,1
0x5aac7854bd729c4ca5d1dcca8198725d4d6ccb4f,1
0x5b8529482ebf5a946ed066252abfe979f8aa3099,1
0x5b8f0bfd2b4932c330f3498bbc2e6f2b0967c4e8,1
0x5baa316b2ea6fdc7f9caba6bd64cdfdf293b1e6d,1
0x5dc8956c8224587d045920dc1c991e1909c058a3,1
0x5e0e048a64fe1134b66351a8ec1f0fbeee7cb508,1
0x5e1c5d5eca111cb51755dfa2f5dac980412255e1,1
0x5e3bb9ffa698ae15672b03f38e8e562104b86755,1
0x5f03622ec2aa940b0eba0f52149051d4a62e6c89,1
0x5fa5c46496414150a0d64ee844ea3427317e145d,1
0x6015db1d04ba5e1b9992613859fb4b4dfed49004,1
0x62275df735f108139fa469203076c778c64087dd,1
0x62b92927dabf97bed0f7849fbee1cd52e9615b8f,1
0x63e276f101a2e21ef8f18709649ca53ce27cf5e9,1
0x65dae20d53d51371f11fd80242219f0d6ba36bae,1
0x66aaca1c63f77c14cb9859d10f8f38104cefeb31,1
0x671a2de8cd372f9d0724d877b11468c496595e6b,1
0x681ecfb30ca5f4126bb9e570415921c228670877,1
0x68ce514dcf22e1c491c9ee453e2302a63dd84a21,1
0x68f8dd242f2445fa4028d4e7efe1dc5587edc190,1
0x690f3d531160201b6eb7d1b0a050cb687462e5bd,1
0x6911b74fe899c5e6cfa9540c7aff7138a1eb64eb,1
0x693041f1515e9326e09ee62b16a2f4bd9deaf6e2,1
0x6a73c2753a3c6cc06e58b325f25735ad0c5d69be,1
0x6a7a39fbb9bb2472ef2b093d3331b250eaa33b7e,1
0x6b6f406a8aa7176bf5b16977723a423280479632,1
0x6baf22c2b7de4535f9abbf69e2cb7db0522a507a,1
0x6c9c7b7a8d79490e034330d8f8118a57eabb478a,1
0x6e4ce46d2cc8e586fb960f5ddaac66bcb1c31161,1
0x6eda108aa2fffeed209eb398530c9264140a6f36,1
0x6f68a53b7a0cd9db8af82534c25bf633cfcca5f4,1
0x706bebc90ab96bf5de1ed535267e8cb353e0448d,1
0x7095d3ccf10fa52325006585226e4383268a8fab,1
0x7103de0e84caa04ce31a286d0107c270bee08996,1
0x710467e37833456fa33371622ff06e2478ea2bf5,1
0x71bb5913d2ac0bccf0264dc7fe23a08683029c96,1
0x737b4bad42aa643f25c5b0d94eb9e9dc1f47f5a6,1
0x7500c970df7896a7f217e6b9bdac620918b3de6b,1
0x77166deb1ecf389e0e1247f7fb5b01adf3d18be5,1
0x7778dd8fc562bfb26cc4af01d6e4e956030e3bcc,1
0x77a43a7694523bb2f070efe6312fe46d05e06081,1
0x782f4294fa9268d1f33fcf80f2f15ec5d920a7f3,1
0x78b4ffdce9cda381da6e7f16e27689adc24af4e5,1
0x79f5a55d5132f36553f0a88a7eca43d39ee2bab4,1
0x7aae5c8c8108ab2122635f50d2081cbe8d84789a,1
0x7acc935cf41bcf6d6f3815169d7b01ed5fa3a208,1
0x7ad002d8255ac69dd818fcaee91e8a534d8d30a8,1
0x7af164fbf7d29bb2c4a01deea51de9b7e32de68d,1
0x7b808866cb5c310cceaaada84388ff7ef9147efb,1
0x7b9b36492f2c9d91ecc114a62287b83cbf4d19fd,1
0x7d09d85e8b8cfe99ff8db0684c81e7dac47feaad,1
0x7d1f985d3f3d6f2ff2f3387393a67b710aeb0d29,1
0x7df87847efb66eab8a0f0f288414dbeaedad04a5,1
0x7e89a97af7e2cef0b7e373a1fdcd7c2a8508f35a,1
0x7fb2655c24058306ff89eb186bff1f98e0b33ded,1
0x813540c8b574d89b4a0202cde3c104624275b6fc,1
0x849393c5748023828c816c4f634d80cd63636803,1
0x84b37f0107156493f508160b8f0f6c38ef475916,1
0x8552b1df7a1304df261cba4a1873a07f6bf40f3a,1
0x8691277ed948ce445a7cebccb34bafc6ba926ce7,1
0x86972db13fb69aa3a5b281261490bfeb2f8a2fe9,1
0x8982756d95d2b3f3305eb9d87f70715b779d4ae0,1
0x89998ecbd4aeb30800b6ec2735bcb5648a3f6192,1
0x89d475ed42a8c78a5afcdd61b4cccc2309e3c52f,1
0x8c71884d603fcd326d85c2b45f2d724eb32f0e34,1
0x8d406dca171947544479bdd677bba7b46e6aa194,1
0x8d70286370469dfe409c5bda77dde2625cd6cd86,1
0x8d95aa22a0efe1efcc155e8d1a6daa1eafc8d567,1
0x8e2ade35caa2201cf37f685fa983b6a6e36ad1ba,1
0x8e9f6684b8b9c10cfbc76d08df5b45cd2d2debce,1
0x8eb8170d3aa9aa467395d8a7a897faf4d5dd0249,1
0x8ecb220fa22b697963a0eb6989dd6412bcae102e,1
0x8f3081f152055a51da9ebe47316d6ab559d6a77e,1
0x8f6129943d5a3af5c4018e8eaca773dd51f31560,1
0x90213ec41fa4d1c8326e8a67012f9ac880e6ad9a,1
0x9078cb99e5ef075a4a5deced8fddb46876618c47,1
0x914dcf1b5cc10a0e9224a587fa310e09483dcb7c,1
0x9236ca04ae3e84ef4179872ba536df606a43bfc7,1
0x9243fed0055c8aeaa31baf425c3e96c19de9cd43,1
0x92ca65838d15a69c8eacb7861da0d141056877ee,1
0x9684df40625b225e920738dc82219f0182a73876,1
0x9a2d5340d1f4eb2bf952eec43bd9ec5788674fec,1
0x9bc4d202afa5f209678bb51d381196555e526092,1
0x9c92fe4f99ae041012d26673e8536731e88af828,1
0x9d259c062db6c9c73c26235d72c168965c872ea6,1
0x9d7b6e37797daca79cd072ae99c23410367c9a06,1
0x9edf846fdb1074c08f3e092ac9091d9dc80bc5bd,1
0xa0cd4faf8e4acfef6c19888afcb01f37065a6408,1
0xa0fd75da39fc51f7090aa5f144b2f14319cf463b,1
0xa1f4d04cf848cea3cb833816158c3dcbbadb5c6f,1
0xa2313509d048c11e31dc0db617a9444755eb7238,1
0xa2449b2a272587dbf2e552b89b2acdc6868e7c7d,1
0xa24746c0117141af51a36ff32ac2dd289be36685,1
0xa2a1ed1fae3f23aff58d612437e17b03b0e1855d,1
0xa2a1eea4805a48b253f20a2c926b5edd4a41a46e,1
0xa2bc6ad673862378a9cb17bb8eb9b6c0ab3ef821,1
0xa3c15e969b9d51b59728056423864b5064a1d801,1
0xa3c1f5b17adf24d8612ea4637c1a74fca0ff6f60,1
0xa3c7c44130f2bb2292d1d88de0f7cc29769aa0dc,1
0xa446197096117798ff3b667bd75a589288a6a7f0,1
0xa7239b3403d7dcb25fc9786160656b7f7cbc73f4,1
0xa78b15874af53dd681a615fa005d4fd41286e89e,1
0xa90fd1de9151e5cf394c2e5528f0111d7cb30417,1
0xa916fe8315da797d83027b011dc5f35fb8088d0f,1
0xa9f4602b0276debfcc4f8c81d6d19a8e381a0510,1
0xaafa93bb4db0a15afd1db11fd55e4e5c541b5f23,1
0xab2467493eb4bf64af51d8b5921a983cad4351fe,1
0xac9d8b42fde38f6718276837b8d2348d414e4a23,1
0xad5d9b9e062555ef621fbed3c8bd86e618f2f0d3,1
0xad83954e1584e7df91ef1e1a5f5661684e2dc751,1
0xae1b2cf7c1b241fd77e741a2138493599b7895a5,1
0xae7b39b96c8bc15156b1ffaa2708aa3fa93c2098,1
0xaebc1e87b6b442263941723f93ff025c54b1ade5,1
0xb14be4727d23c36ec10bfbaf4b07c683a987dada,1
0xb2861cd1ecbc01b4cf239491f8b951ca652b53c0,1
0xb2f3856b029b08ffbb03b07de7fa2394b5a0b334,1
0xb39895fc81b5018d639ac200083755b764299637,1
0xb693f6ac9a09dacbafad05ade7e0881e07165753,1
0xb7d7c7fd51a3d421b533284a06c4b2e2c9ecd3a8,1
0xb7d827dd04a6f9a1837cac93c8e26738eaa264cb,1
0xb80e35239bb8bfcd424263323bd70b4dd5ded737,1
0xb82df2b56417c6f7e7ef3e5c6e131e7768471727,1
0xb8cd6aa5997560ad1077b1cd2e134b4bec30f3d1,1
0xb96dbe0b0c2c2b58415f6244d16c6d3bc2d980f2,1
0xbaed400fee4c55c94ff05b4b579c2bf97480f2b4,1
0xbbb0822eee43698befd364ef59276e10690d6a16,1
0xbc406d8cd5e9618c1b3a79a77a2fc465d6b56a59,1
0xbc7340f831e8825bc3c813e81716ccc855806fe4,1
0xbd857eacd1d0354b16fe57d711d5b8a40a467a85,1
0xbddf7c1603043a8398bea0b79a60f55c582b8814,1
0xbf2d54bf8b4db3e894d7acf6324372f9819c5923,1
0xbf74875bc9f1af2ac963f004579cdfe433bb3698,1
0xbf8531dd7a1d79330d5a373f3deb6cf23194fea0,1
0xbfb5fcb34c96d71723e98bb5182b4e934a895113,1
0xc30bbbc5095f0afb5496f613e018c4e1fd42a954,1
0xc4436415e2fe276b809da2741606de50168be488,1
0xc72088052e349e4bab0c2a8aa7fdb9ddcf887522,1
0xc749828183c1278523497f1b933f85a2c95f2f0d,1
0xc76350a971eb8281c4350313f5dffdabac2ab118,1
0xc8d70cdeac2b46b88969c71b5be27adcb1cb3dca,1
0xc8d98104b08697d9d422b82d4b6706c6b610d319,1
0xc9c32e67102040b3529671d7aa36df909d2db951,1
0xcc4e4e50bbc2d6035bbd0af2f0275ceaece14cf7,1
0xd0b53741b51937608f0b254b93214868820700ab,1
0xd0eb9e03b368f14ad86f94cef1540e16c8bffdbd,1
0xd1a3ff511f36b1635a44136401e6ce758cf8c3e7,1
0xd1aabd3f8b2c93594603339510dd5a5673dfbf89,1
0xd78de39426bcfea2a4e8d8c0e8bcdc0126c00ce7,1
0xda7cfaf9b6dcf9627688c3940f0fecc17ec489e2,1
0xdafafa31a75793b6e5fdea5f0c0b5e3ed572a473,1
0xdb1a1fa0ce207fac16b42372297d2d81f56f8b6c,1
0xde056321f6706c9d17afcfa5341be22f6bb5e2e1,1
0xe0f3b0355d9a3b293c3906a4209b1f382ef2964f,1
0xe22a9d592fff6bfd0277cc54a674cd289efe3950,1
0xe3e9f857b106158c9e57af3e8676cf462e4554d1,1
0xe61739b53babc8a6025e1adf7bdefa9e8c802d26,1
0xe80fca982a14655eac9836e191bef8ff615efd43,1
0xe88ec898f8f16bfaf29f16b42c34647879efbbcd,1
0xe989e71c077c5ba70baaef77a11548b3daeab1ea,1
0xea71de9a658603c39df43c630d43e36b3be4bcca,1
0xeaaad24e75c916c80b9d9907d8be707821143a8e,1
0xead4e75883c3cdc2d364d37befe2143593d82a16,1
0xebad404c9d6cf668bcc5486d338d1407c695f19d,1
0xebee5438ca873a46b32071559f54e616671abf5b,1
0xec5caeeebb2cbf44b45d5012ccba64cd86d2a689,1
0xec66be8fd88703f2fb7163bfa07e8b8be799e18e,1
0xed04acbf9df59b9db80851bfeea0da51bd6de997,1
0xed6c9724ceba607162dbfe01c5d6f024cf5f1c94,1
0xee5a344776ec4445c253102752487a0744d3028a,1
0xee8cb6f8e3eb4e243e35b8c8626a690dd39aaf5a,1
0xf050536e7cebbfb309101715f4fc626a1cc974df,1
0xf199290b023c04da8153536720e171c087459f65,1
0xf332fe88c77af992f247755d5a0bc7546645f002,1
0xf3dc3d3eb5c30f7ad72dba8d7aadbade7b4743ea,1
0xf4281f47fc8c524aa23abc94b4e10b0d7d46218b,1
0xf4367ed4dbd13e5348b11436d3805ac8db20d9ce,1
0xf4af0bf52f146a097222fbebd7e45b9a77308b00,1
0xf501536f11b94abcf5070a4d0b61150cb09fa097,1
0xf5b75e51c0dc8fe40bd6e61749475347a98817bf,1
0xf5f44beb5d8db183c6b7b4abc60624ea3fd1f715,1
0xf6b22039ded81c11439d009361538a3847a55cc3,1
0xf727a2a98afd66f3d3afd56577b34e8a6ed6c33d,1
0xf792a15b9777e4e3dfa92e57b7a86df7e9ce9635,1
0xf87a096104080fe2918d742ad13892364b54e37a,1
0xf885167d8058e0b4bc901cf91579675a076d8316,1
0xf93962fe1c9c5085d429beb407a654edac210e56,1
0xf9e13d8fc6c8f74449a9cee1088822b817526588,1
0xfa07a73a72d22f7d03030fa9a7df8dfc5cdd64d7,1
0xfb4d88881873048fac82600671b6177d6c316054,1
0xfd56c861e8d0df6a72071833133d8dfd8a92fb36,1
0xfe9fa575c62b2bc2c393622a4fc4c29f8018e633,1