Address,Held,Points,Amount,
0x44998245c27a9182d9dd321726d3d493e6a2fff9,"52,230,931.14",4,18461.53846,
0xd2e6ced96b569ba6685c2e86ca0a98c7ec50289d,"30,201,017.67",4,18461.53846,
0xfcd67eee80f7abfabdf456ae4ebe8c3e040f4545,"25,525,476.67",4,18461.53846,
0x19fab8f7dffff38268644eaebd3d538f68036000,"20,109,025.22",4,18461.53846,
0xb9bc2d7d80c09466e7212d202b3fd3b7b9ab599e,"12,146,295.61",4,18461.53846,
0x2a64e64214781930f2fef8ca44da3f8ecdc0ceaf,"10,750,316.07",4,18461.53846,
0x8d79147d64985566c8d72183612e953f966ef81f,"8,824,600.85",4,18461.53846,
0x04392a8b863bed204196ab3473796579e8b10388,"8,166,564.52",4,18461.53846,
0x0860f25c8f3be3a98db4adcf9371ef79bdc2e32c,"7,669,428.47",4,18461.53846,
0xc4b920473545fb871da743a0cebb7a4e88ce5727,"6,641,710.85",4,18461.53846,
0x1b0bc5d02086051418a566f406f52592f365fbd0,"6,564,871.94",4,18461.53846,
0x7ffeaf30e33b5f56a2c89756da8d458074a3228a,"4,476,217.81",4,18461.53846,
0x45852af87d14e20281fa1525aa1f64b83793700f,"4,370,768.47",4,18461.53846,
0xf8c8c07e2ee32e00da62f010fad4bfd1c60b7d50,"4,251,787.06",4,18461.53846,
0x362f4a7e7fdc2d69b7a3dfa8f993ef0f5737dd3b,"3,870,625.52",4,18461.53846,
0xe0459778d774f3c1539ab100e37886ca02346c0f,"3,239,286.22",4,18461.53846,
0x01b684806577d94a1769535f353fb13eb75e6d51,"3,129,960.71",4,18461.53846,
0xeffb61a74238c5bdec0f5c2904960c3e2a679ab5,"3,066,786.74",4,18461.53846,
0x0626f46cc8c57b3577f05025dbc34cab2b759443,"2,282,002.70",4,18461.53846,
0x5e7ae57b4e0f663d1be7ade6e37f1805dc918c0a,"2,066,556.21",4,18461.53846,
0xafe3e17f15ebc6bad19778edb7f735b66716b4f2,"2,055,661.99",4,18461.53846,
0xa722b2248301579bcc2f4587ee0e98166b643b58,"2,041,820.87",4,18461.53846,
0x58406c2e3d738ab7ca1896d7510bcd85aff7ba8f,"1,810,928.12",4,18461.53846,
0x45f9e4135e17d17ae1489e92d010abb7115007f0,"1,571,879.05",4,18461.53846,
0x48e7949590819a6ecd9652293e26eec752677240,"1,536,849.11",4,18461.53846,
0x3a4b023e1205d464e087c9736103c34d1deb73e3,"1,517,840.48",4,18461.53846,
0x8e01ed2e09c477ad01e04caea735f897d3c6c2bf,"1,446,966.19",4,18461.53846,
0x2bc87b025e03ab3b2149ec0a0c7b88c5c0a9da79,"1,398,545.85",4,18461.53846,
0xe97de4109eab6e69d9b3782e86fafba79a2c3ad5,"1,304,933.75",4,18461.53846,
0xee5c6073175553b21b1925381affa43bb1ee5497,"1,297,389.94",4,18461.53846,
0x476be5a80d5a1ac93a98ea4ab1afc4f116fa2efa,"1,269,599.53",4,18461.53846,
0x9c1a148bcc582bdff0ffc4404099d8d64805ee42,"1,145,752.72",4,18461.53846,
0xe2945346f27de8f7be616c0f0fd3e9b31d563945,"1,135,588.47",4,18461.53846,
0xeca8d188945379ae8936ea84f2bc56925a332416,"1,106,849.66",4,18461.53846,
0xeb904a5fee54bd05db80b0e2e7b43c1bce10bbc4,"1,075,266.72",4,18461.53846,
0x4d05150e03ed966ca363e5fb2ef5b4ab358081b2,"1,018,028.84",4,18461.53846,
0x0e39e66d9fe4f4431041ccda46db31d6265b585a,"1,016,541.85",4,18461.53846,
0x3bbef0b3040f123d11b6b7e3c8971185eb38caff,"1,016,322.14",4,18461.53846,
0x0ada25cc9e9be50ff8ad29799ed653e9b3dc6928,"1,006,878.94",3,18461.53846,
0x5e65692ad99a9017ae3a7d997bf3ac14e044b0c2,"1,005,924.36",3,18461.53846,
0x254768d47cf8958a68242ce5aa1adb401e1fef2b,"1,001,295.78",3,18461.53846,
0x5a31facf243c2c395700a371647d07204ee79c25,"999,500.66",3,18461.53846,
0xc8db756c22f1a536434ffbfd7759bb13c5e711a6,"928,343.15",3,18461.53846,
0xa99505725bc83a38da8a3786a06a1d709ef642cf,"926,537.83",3,18461.53846,
0x0cde7d5cffaef5009d0c772296bf9040d22f7f64,"915,785.11",3,18461.53846,
0xc4e597145e010b750eff5de328e0860d734dfc27,"907,496.26",3,18461.53846,
0x70c3f70f559051c581a6871cabffd75c50f0019a,"865,586.46",3,18461.53846,
0xe0e723fe30aa47361432066886d1b73214c0cac2,"851,485.30",3,18461.53846,
0x6e432e8ad8a24ac6b7beeea2c40c53794037f898,"797,366.63",3,18461.53846,
0x8652097dd6e877614332dcb2abccace13214d90e,"769,371.48",3,18461.53846,
0xed768d1f9e6da3f7c652552b0453de200d0f1c4b,"713,146.31",3,18461.53846,
0xb5fd7bffb973314bfa2f90dd3ba74dee3ba9b22e,"710,796.91",3,18461.53846,
0x0b1e38f32500f236b68751a1fbf4420eb332aa76,"701,480.85",3,18461.53846,
0x0ea842f737f59e71b838e8e751cbc678401dd2ac,"686,895.28",3,18461.53846,
0xbc3bbf6158961e362ad70ec94e58ef46b19fb926,"682,802.12",3,18461.53846,
0x19c3f1a2e3f4d28c0bd5a4eac18ddd9b01a18ecd,"677,179.00",3,18461.53846,
0x5ab73154a4e5ad6512e5b233a7a8364a80111a6a,"674,938.50",3,18461.53846,
0x68d6c0d62f776089f4466a4263501d8597a5ea69,"661,889.41",3,18461.53846,
0xfc5831587d37969226da5bdd8b90226534a2c06a,"654,803.41",3,18461.53846,
0x3671f028bb74df814333b9f9f6a122515366cd14,"653,398.68",3,18461.53846,
0x81cd8a48b8fb975a7d3aaffc71b2713d9fca6bb9,"645,024.43",3,18461.53846,
0x760a6314a1d207377271917075f88e520141d55e,"644,087.17",3,18461.53846,
0x4a94e4b2f0a2d40d39242f61244391ea6ec6f774,"636,041.19",3,18461.53846,
0x725aa470a31fd3f69cc291071dc1138b7113c330,"631,620.69",3,18461.53846,
0xda16453c9843431102774e03fed09c84bcbe98a3,"630,824.74",3,18461.53846,
0xa3fa22886c1430e568121fb0d4956c13d8216363,"626,572.62",3,18461.53846,
0x2cb91b4356e08f59e6e28b8d400a5fddd70604f7,"604,017.72",3,18461.53846,
0xbdf27cc0775aae45dd8d22371a3ab06e9e793d59,"583,835.27",3,18461.53846,
0x6263ecdc72a3adde80f244705260a26bd25608c4,"553,274.64",3,18461.53846,
0x415faefeb038eb69acd1df8da06410e17c447e29,"537,668.32",3,18461.53846,
0xd285e57ab944cbcee30d018e1e21fa4881c659cf,"533,836.90",3,18461.53846,
0x44fc905255c6e8cda084be92fa2a9fa527e136e2,"531,717.91",3,18461.53846,
0xdeae28b64675005114d9029f1aeed9a51263bba2,"526,264.46",3,18461.53846,
0xfc96fa2d2c55df9671c3f24f8ca6df1337ff0cf0,"521,718.04",3,18461.53846,
0x76816d7e2cfe01402c7ac6f45e0e066ed60cb3b6,"521,133.50",3,13846.15385,
0x597aa2543278216eb6f0b71ba8313fe4d06f817d,"518,702.55",3,13846.15385,
0x7e4ed5e89bfa4adfbc8143fcfe64f20e9a5b09f9,"514,176.56",3,13846.15385,
0x3111968a00e452742236e81cfe28a38d6dc6cb05,"512,662.43",3,13846.15385,
0x61523a8d1561d4bfd539c383d51604e04bbb799b,"508,781.90",3,13846.15385,
0xcf04182c9054160e7bcbbbc0c375b042edeb0652,"502,331.87",3,13846.15385,
0x2ea0eadcd1695749a8073e4474575b91aa69cacd,"500,353.08",3,13846.15385,
0x4e3a713f0a646033b1981e21cc577392446896de,"479,264.56",3,13846.15385,
0xbc97b1d7b094b4e98d8bd13107c9094f7d087372,"475,976.17",3,13846.15385,
0x4b6ab04916dcfb0e2041d99b2b6187303ca47a42,"474,739.35",3,13846.15385,
0x383b794bbc1e2c08851947ce99cb749b42e4b9d0,"474,375.94",3,13846.15385,
0x3b89aeef98af5d16edce6e7ad134f47d3a18d21c,"468,169.69",3,13846.15385,
0xe252e3c0b18b6db34a7a8d3b0c128b437a10af99,"450,271.55",3,13846.15385,
0x3e1cebe917f26fa3608879623995d5bbb83936e6,"449,975.84",3,13846.15385,
0xfc5ac2481a8ea66b1d09e87a70fe2fdccae8a93e,"439,379.04",3,13846.15385,
0x04bb78493c41a6232d014a421ee741792c1ad250,"426,758.63",3,13846.15385,
0x867072026c8c60ed2550dff131481e3b3bb1fd8f,"418,069.70",3,13846.15385,
0x8ac1cab38af8772d0bcfc556ee464186a5bf3962,"414,770.58",3,13846.15385,
0xdd49092cf1a07482dd5432e1b0480534401e6243,"394,633.58",3,13846.15385,
0xe31eaf798479ff27f662f1fed35f4041430220fa,"393,489.99",3,13846.15385,
0x39a5532361d8c750699de07b89c54d948ddba9e7,"390,958.19",3,13846.15385,
0xe873c19b33cab017ce0102df4c92f6709b4f5a20,"388,233.33",3,13846.15385,
0x515de3cd5356e8fe5a973db7e05af1841ed9e5f0,"381,966.79",3,13846.15385,
0xa9dba4aeabf7af1c0c9f68de7381b93fc07c5a32,"379,747.98",3,13846.15385,
0x2111809658c520c9bbbfcac7aecf84e72d8c95b7,"377,933.25",3,13846.15385,
0x2dbfc1d5bcbca6e08e9d50adb974cc51e1ccf8b7,"374,964.93",3,13846.15385,
0xec309902d575e1d80fbcb60fc459a8fed13cef05,"366,083.13",3,13846.15385,
0x0028be83aea26315638e81e28a2fcd3fd378e7db,"361,149.48",3,13846.15385,
0x505a1b76c671dfc70a2e72992b676e747404d97f,"352,507.14",3,13846.15385,
0xd2b063bfd95d05eab1094ee6dcb5a9372c07a867,"351,290.55",3,13846.15385,
0x5f1f3748f9532fe73f9b84eb071899e3d950737b,"348,744.21",3,13846.15385,
0xd657c0a2a4775595f41a9c84800db841a9b1cd5d,"346,834.13",3,13846.15385,
0x98a7d05fbb6e31df91fcb0893e5e9c29def26e72,"336,638.88",3,13846.15385,
0xf1dd8d8a27c2474d8c6aba394b09e21ae017e545,"331,323.53",3,13846.15385,
0xde72ffc2ee4f6d4f1ffaf4d0ebcf12ffca9d431f,"330,909.08",3,13846.15385,
0xc7a1fe3637acc1f4c147c98f2cc54be8420d1531,"329,706.61",3,13846.15385,
0xd881be01bc2bdb8afe7de1e0e8299d4ebe9b03b1,"324,042.70",3,13846.15385,
0x63c59fa8706812eb65a348f972b6b15cfe17c435,"320,777.40",3,13846.15385,
0x86da5a57359ad024d9a3f40b31ce12ad65356f0c,"318,842.91",3,13846.15385,
0xc65fa000ef613416c5a2172f288e2942cc39fb82,"317,318.28",3,13846.15385,
0xc2dc5eb391af52d491a662b728a42d694f30be4d,"311,741.26",3,13846.15385,
0x3d208a787d9cb64f5b6a93997db9f1433eafff2b,"302,753.20",3,13846.15385,
0x6615e0aa84de06897a10bca73ccf546fd72b2a12,"299,243.49",3,13846.15385,
0x90b3ac838b28a158e450d9bf57a09077d62a8861,"299,210.73",3,13846.15385,
0xffb95fe206182c1bdf35d192a1f8359d21694678,"297,418.42",3,13846.15385,
0x1525981b79261f8cc6a4f638d3301c0c9e79d1f9,"295,673.86",3,13846.15385,
0x2cf05441fe4a2d3cd30b916a9872a736abe15804,"294,450.53",3,13846.15385,
0xaaecaca4bc57985f106e0642c7946dc3381ac707,"283,610.19",3,13846.15385,
0x07d7be4e0d905f95b9f43f9921fbec10cb3fe691,"278,277.90",3,13846.15385,
0x2bcc22d094b7400707cac14163db912d4c372e83,"277,603.13",3,13846.15385,
0x9694f2d0f196edc60f0ddef6f7a1a65072a8de9a,"276,068.94",3,13846.15385,
0x5a27676e99dd2303238bd2213a0d239cecbac590,"274,079.26",3,13846.15385,
0x32572ab7968f117caaa58233e4b664e10be956d8,"272,098.96",3,13846.15385,
0x7ec40a1a7ab368b0c4cd446605cf00dd6c6cc0de,"268,473.94",3,13846.15385,
0xc922d159f98ebf0c64a3d1de8a37eda28554442d,"267,742.10",3,13846.15385,
0xe3801a162bd77195c583a5941cf979dc994b31d9,"261,277.97",3,13846.15385,
0x4c91195e15f2192ce48ca5dbd74bf522b81004f3,"261,039.38",3,13846.15385,
0x5205ef2516cf8b8c3da55d8853f49d56db9ff903,"261,008.86",3,13846.15385,
0x8b1f59e5af0d2712d668f6a56875127091757b4c,"258,636.21",3,13846.15385,
0xe80be74f1ffb0dec2b7c649a7a290d5adce48ef6,"257,051.66",3,13846.15385,
0x4b2b287ee0046d022d7ffd179e4aeca05ece8061,"255,984.30",3,13846.15385,
0x161c49f75f37a4f4922d19bbf1b92c08a410a8f4,"254,524.44",3,13846.15385,
0x0b375247de62dfd497a2c80e28190caafbd5907f,"253,442.19",3,13846.15385,
0x2ddccea13184186d49b00dde028c2e10b4bb8e6f,"249,270.19",3,13846.15385,
0x227dbb43a13c339dd94307199028a0c5d0c2ab6e,"248,658.07",3,13846.15385,
0xa6c9457f0fcacc6b053f50b7188af4593f99e6cb,"248,321.79",3,13846.15385,
0xd3639ff485d958ff1326c0616e36208535606939,"247,343.86",3,13846.15385,
0xed4879e5899bdab0642e188cd3de5e0255e356b3,"244,189.18",3,13846.15385,
0xb58b3f559b64e4ced7b7dc9aff915310c62cd2ab,"242,598.26",3,13846.15385,
0x27b76378dba83ea916d00a3de78c1ecc6beaf1c6,"238,520.19",3,13846.15385,
0xbecc574cb735ede08f3a744ad0098970d85d6a7a,"233,591.76",3,13846.15385,
0x08bae64a33d8defb53ee9df657bf343c559718c4,"231,214.23",3,13846.15385,
0x9053a9220bc89da0898194057dd7bcc3bf36e90c,"230,144.77",3,13846.15385,
0x72a02d91d48ca566fe0b83677306e8fccf284ad6,"229,384.14",3,13846.15385,
0x495ea8d1d774358e912dad6163e9c3b6e37077b9,"222,450.50",3,13846.15385,
0xc256257c3448802db17f344add35d13c14da4faa,"219,577.35",3,13846.15385,
0x9667f6c21086440d21b381c3f91c2759f192c854,"217,797.58",3,13846.15385,
0xbffc996f12c3a565a9d0fa31577b5d30ebbcda3b,"216,758.94",3,13846.15385,
0x44a4474be961b7683e34f2b204660a842e567e48,"214,721.34",3,13846.15385,
0xf366561c5c7d6508248c16f836368392fd7723a9,"212,460.70",3,13846.15385,
0xee9095f793493eb332204c8838f3337aa6e582b7,"208,662.81",3,13846.15385,
0x01fe9f0b37412498bc62f2086674ac9786d27e7f,"208,659.67",3,13846.15385,
0xd15cd937831ef368ec6de6947bb3e2714658e1cc,"204,570.77",3,13846.15385,
0x7c02f38de25611887c16b208f85f29ce625f4687,"203,654.12",3,13846.15385,
0xdd1f74a9bc67a74d1c0d24f9d17ff942c2181776,"203,608.41",3,13846.15385,
0x918fbd0720364aec87c021f63c8bd3dd6638aac8,"203,154.42",3,13846.15385,
0x618d8c0df790b95c1f0aa938304d9059037972dd,"200,574.73",3,13846.15385,
0xc23604faa1e8755c9ee391dc8938393c22c41793,"200,206.37",3,13846.15385,
0x4cb278d8dee9a05982160e4f3851d4a62680ced2,"200,000.05",3,13846.15385,
0xb6d2757f1639f382949e56b8c75cdeb23b729b55,"199,438.19",3,13846.15385,
0xdfb60cc9f46f8784685367ab84c66037ad4261cf,"195,398.71",3,13846.15385,
0x31174b747548a56003edd1507ff11119117ef736,"193,850.83",3,13846.15385,
0xea83404d76196c89821ddcba14d3dc1111dafe81,"192,546.19",3,13846.15385,
0x2412722eb11cab4023b0979f79f58839b364aa61,"192,238.75",3,13846.15385,
0xae672dca4464c1c2d5a79f03142082824d88d031,"191,539.37",3,13846.15385,
0xb31e8e0fa531db8e18a6cb9c9db83f45a598c76a,"189,813.09",3,13846.15385,
0x038f28a39559de6c586728d60a47d914880589f1,"184,235.83",3,13846.15385,
0xdf94a7c1b948d47b33d02104a1b921614979b7e1,"181,945.57",3,13846.15385,
0xe0bde56ba27a21557c9c6b30d30fb7e5bc079d8a,"180,210.16",3,13846.15385,
0x24360f556c9dd85730f04993de51bfb42cbe4df6,"180,040.33",3,13846.15385,
0xc390128456f5e35eaab28d4061eccae0c1ac7728,"179,416.71",3,13846.15385,
0x465e0d52207b0d772eaba41b84c1f8f99cd624a0,"178,779.87",3,13846.15385,
0xbffa0adbfaa0e20b734ac365e63affeba8f1dd0c,"177,984.43",3,13846.15385,
0x70969b84378eaadc2377c6b5a5270ad1fd1683a5,"177,747.21",3,13846.15385,
0x1727a8066ecb1b54e13f07b6332150ab2e94f2c6,"177,706.38",3,13846.15385,
0xf5eed342cdfeff748debe1e50ff4accff32593f3,"176,325.25",3,13846.15385,
0x5c2248818c6cca7974eb7b5901fd4dc0e5f0f897,"175,850.35",3,13846.15385,
0x97604e74de5d9ac469ce508a746a4add11881891,"171,757.93",3,13846.15385,
0x6d2d668009e030007fda355890f61ecd29495ed2,"170,907.58",3,13846.15385,
0x7a6cc15b610a720a9eabac1fe29cf9bb1a6ee6a1,"169,610.15",3,13846.15385,
0xfbdb250fab368245a07b02387e5aff2ed6a4bda2,"167,151.04",3,13846.15385,
0xaf40195b48973085c3c0b80310323dcfed3923aa,"166,945.44",3,13846.15385,
0x0a96534f248c9b98330e377f1091712ce50a9206,"166,776.74",3,13846.15385,
0x3bd2470eabc41fe666598ee48faccc1487c140bf,"162,877.76",3,13846.15385,
0xb4cff1114e89e53d87f5d3c233db3a768820e2db,"161,391.10",3,13846.15385,
0x91ad8aff7eba4a9250693ee94a92e7f853dcf5e6,"161,268.24",3,13846.15385,
0xb1c96e906101bf27f8959e40c4392ecb9d497e89,"160,221.69",3,13846.15385,
0x5b884452ee814d59e1869ca8cc83e5dfc9995a0b,"159,986.95",3,13846.15385,
0x2ef811f96e67108b2bf224bc30944a5f7480c9fa,"158,516.40",3,13846.15385,
0xe2c6049024ce44dc33a43222e22c8869f9cd73e0,"156,442.47",3,13846.15385,
0xd5819c09522b9eaa133991ebc996880621efa4b9,"155,789.67",3,13846.15385,
0x7ac2ad1c16d30af77f52a1e3c7abad8612e363d3,"152,306.03",3,13846.15385,
0xa802a52020620b787d261e515b559315c3f99a37,"149,251.84",3,13846.15385,
0x7d773340e9d5f5b270117e5675948ba1b18c7de0,"148,984.71",3,13846.15385,
0x93845ed221a87fdf6ec4a2e87319e12e1a66e83e,"148,194.07",3,13846.15385,
0x1ddeb0c6e2d8123ef438c0c8cb964d6ee3cdc935,"147,175.31",3,13846.15385,
0x87b00f4f836e0c5d78255aeeac62566d9e51af6a,"146,172.26",3,13846.15385,
0x3d006d8e3a6eb9bbe170fafc8a1ba82fc4fe1c5c,"144,068.86",2,13846.15385,
0x8498649db6645e1a39f32e548826d6eb4e6afff2,"141,373.67",2,13846.15385,
0xa35072498ec2ae77c804babcf692fbd69fdc262d,"141,123.29",2,13846.15385,
0x6f281bb0736143cc3dbb5281918d6dc7d35339f0,"140,997.89",2,13846.15385,
0x3f8550c6ef10ed9c95ca850dee528d25fe862d74,"139,769.36",2,13846.15385,
0x8d0979a0156dc25e14034bbf199dfd4052e57723,"139,524.31",2,13846.15385,
0x64338a791ba8f0584d0059edec9a6bd246d41ba4,"139,246.92",2,13846.15385,
0x37e6f3e5934c69a2e0befe44c865eee7e5217649,"134,413.96",2,13846.15385,
0x265a335fbddad52b87f3b5297acd1111e0bc3dfe,"132,288.84",2,13846.15385,
0xe521ee483fcc5efdb4be0f6a50fef292abcdb3bc,"129,524.73",2,13846.15385,
0xb959bbfa32e9e0745018ea23586d61b92e610173,"129,004.26",2,13846.15385,
0x830b046d442d9bf37e2289ffcf8cec4a2edf7010,"128,061.39",2,13846.15385,
0xe93636aac64838fbea6928c50056090966901ab4,"127,328.33",2,13846.15385,
0xd74ff889b65a9f0ec79c8be44ae0f11d379d4df9,"126,425.37",2,13846.15385,
0x569f40fb13d9af9181e7d13724f74e9629813136,"126,015.09",2,13846.15385,
0xefcf747355306ae46f0f24bd1a8633498a2bf087,"124,618.70",2,13846.15385,
0x05d90f7d6d0a1dc67c2b8fe63044b71a09e14549,"124,008.13",2,13846.15385,
0xa2d18f6c4ccef7b82ee920c5c6ce2cae1c870abc,"122,707.00",2,13846.15385,
0xacc81e58bd20f0cfad70242ae195b80b99210b8a,"122,236.28",2,13846.15385,
0xafb6191040a845d5d062486fa9d9cb8715cbce46,"121,552.61",2,13846.15385,
0xe32fb8e45c86af8a33424628d157955dfdebeeb2,"119,806.73",2,13846.15385,
0x9bab6fb3d7a4025be1acf0501936337b5bec05cd,"119,735.64",2,13846.15385,
0xa68df4e3387b2583a04f46f74e985f79cc8f54fd,"119,143.44",2,13846.15385,
0xfc87a1017711b68ba48a11a01224b9329da5fd3f,"117,298.01",2,13846.15385,
0x25afc5359456be27d2079db8edc393e64351cb21,"116,485.64",2,13846.15385,
0x15cffef1e2789a89531e8738d3a1e1141ca4dc19,"115,783.67",2,13846.15385,
0x19d0bf089c30b3fbadf0a612f66972c2f2dd1c25,"113,678.89",2,13846.15385,
0x94a9ac6407e53edb4539b3db0f2166888a152fba,"112,929.32",2,13846.15385,
0x5c999bd175f55ffc313439e0f12f7a4e636056b2,"112,527.11",2,13846.15385,
0x1ee72b512debf71757920833c0be0d457a939926,"112,472.91",2,13846.15385,
0xc723de53d130b98a73491079f375ad66265bd543,"111,428.30",2,13846.15385,
0x82e11e75935635098ad5e9452e6fc834a5921249,"110,506.73",2,13846.15385,
0x291d5aaab8f4cfe3af2e97c4d66915b4c24e72b1,"110,240.98",2,13846.15385,
0x6bcb0d83cc1096670abaa2f83d8d2d46b6541df2,"109,394.84",2,13846.15385,
0x847d46c98d7202c24c5022b4d110216e4707fb83,"108,357.32",2,13846.15385,
0xcc1319685209a7708c39cbf1bc1177903ab33fa0,"108,335.84",2,13846.15385,
0x99a13f8ebc7fadb53a92c68b347760f1460e094a,"107,687.77",2,9230.769231,
0xedaed0522fe6bec64a41bdcad13642c6a03897ba,"107,540.84",2,9230.769231,
0xde0e2067ad2a1d6d3d0125f17fb8ab29c0057b4b,"107,371.15",2,9230.769231,
0xc54a55befa1fd16e1ef8fd2005a08481caefcf4b,"107,254.73",2,9230.769231,
0xd24cdb13a31a09689f023c1ff9c0577fcf51cde9,"106,988.99",2,9230.769231,
0x8e6aa910f593cf952b9ef2eb6977849533b53fb6,"106,958.71",2,9230.769231,
0xc974656047ae876d47f4511ebbd8dc8c2d937c8c,"106,676.91",2,9230.769231,
0xb261a9577063f57ebdc7663ee2c30bb9d0162deb,"104,679.65",2,9230.769231,
0xe605659ba16c21fce07029a1dc4abc1037307d9c,"103,816.06",2,9230.769231,
0x1cce837c4ab2d9dd44fabe503d213c992eb67cbb,"103,281.73",2,9230.769231,
0x347d361e401fbe520474fefabc150f5f914ed31a,"101,467.23",2,9230.769231,
0x650f26ef6408bedf8ad6ce255ace369b19cef331,"101,213.50",2,9230.769231,
0xf00bd11bf7c06ad80676a08f399b592b8b873502,"101,178.89",2,9230.769231,
0x394e182b076cebb9f27a63c1d032325fde5a14fb,"100,554.32",2,9230.769231,
0x24f67d9db1b40b591e9b83e17dc2f4456f31bb27,"100,490.93",2,9230.769231,
0x83e6db752e1f5ec8bd1341c48f60e193689035f8,"98,398.30",2,9230.769231,
0x7cfcd549a8142febde1eeb005307f14374320722,"98,113.65",2,9230.769231,
0x5ea099110c8de9b39ae86e1915cd89a015168248,"97,495.67",2,9230.769231,
0xd9e9e22b308478e2e7196d6fa72b981705852ba5,"97,482.48",2,9230.769231,
0x5e50dcc5652ffbd7bdfbc3e50a7f587196a856ca,"96,771.41",2,9230.769231,
0x53035b201b041452267903b04863e52af2efc337,"96,449.87",2,9230.769231,
0xd3d73b7f2cf645d748d2762ac3175106fac671df,"96,327.92",2,9230.769231,
0x9a3b136c35909946451f18ea355a411bf69cc4da,"96,077.86",2,9230.769231,
0xee36000d5d7195a6b452cb44191fdeca49e5edf3,"95,315.45",2,9230.769231,
0x9f576731650285c90fd3ff209cc452a4255a3538,"95,302.53",2,9230.769231,
0x0dfd6a23fc50b2580117074d1bd1bac26c4b207a,"94,810.86",2,9230.769231,
0xb15c938cb816759ccede926ad43fe489c4d0861b,"94,542.69",2,9230.769231,
0xec02e674460b954247fe73b7d549e7f5f9250983,"94,194.02",2,9230.769231,
0x56786e13ddd7cd48fec8e570e031ee469a922c16,"93,868.65",2,9230.769231,
0xb515c4c4bc685b3ee0e16c3d43042d37b7a3b290,"93,854.07",2,9230.769231,
0x1a7d90e4952a0085c2704c2ea075ca45f036f459,"93,619.24",2,9230.769231,
0xba77a7bdb15940ddd981d266ae052f5bc9a0ea13,"93,337.16",2,9230.769231,
0x8d1f94a17ee8f3c6094cf6ba4ff1ced8152a94bd,"92,449.23",2,9230.769231,
0x8825cf1d33cff7c51801a584e815d24560576d9e,"92,021.81",2,9230.769231,
0xded216a5b1e0b036b0da86489f21bddccef11458,"91,793.11",2,9230.769231,
0x8450f110e2311ff111faa21582fa11458cf2a49f,"90,100.25",2,9230.769231,
0x92249e76237987f2ff679f32189ae90fea508ba1,"89,857.53",2,9230.769231,
0x139a7368b05d5b938608ea0a4a71269eb7c0e818,"88,511.69",2,9230.769231,
0x962b9892e4a9609dc75e4ba1701e1f40eae79127,"87,885.43",2,9230.769231,
0x12632f4ec1966f9c5edd59bbfe3096b1db3b8bd5,"87,799.99",2,9230.769231,
0xbc0d826f32e83ab78a6d3764a6109d337c378504,"87,784.60",2,9230.769231,
0x356c043fc1b01ba6257b442a174907b3ccf8f18a,"87,300.19",2,9230.769231,
0x667ce55df9f8961fd5d4ead60fa56e5cca921950,"87,125.68",2,9230.769231,
0xc5811ddbd4fb95d6a4136c1bf58cd7d83004818d,"86,929.47",2,9230.769231,
0x3310f29bdae5559ea3b9d24b0f7622ddb206550f,"86,535.13",2,9230.769231,
0x60b69af9ac41806e131140ca69b126ccb1ab3a7f,"84,671.73",2,9230.769231,
0x5d44319a643bc6071b8cc4ba0feca9ad04fc93aa,"84,466.06",2,9230.769231,
0x8122412d9cc76fbfcdf0c3ede703c39d78c5d9e8,"83,785.29",2,9230.769231,
0x1413c02aebe46ca49fb271f6460c695267b3b1e3,"82,650.49",2,9230.769231,
0x02127b7a45a6b98b77b81f7a45f3c85aa4383579,"82,405.09",2,9230.769231,
0xaa8ebc58540f6f9a2ea512465e13863df5c327d7,"81,727.32",2,9230.769231,
0x54e14ef4fbf1759c80aff8a2745282abcb431c1b,"81,552.71",2,9230.769231,
0xcf928e7d433be1a502ff1d7c998e7a16286b93f3,"81,483.30",2,9230.769231,
0xdd3ded2218e67be97da17e7e2406378fa198efa9,"81,240.03",2,9230.769231,
0x23257c698048bef6e3df88361c549c7a82b2bc97,"81,137.70",2,9230.769231,
0xd77e743342b18b15ffcdc1abaaa763b3d705615a,"81,024.61",2,9230.769231,
0xa9d7456b221103aaa3dd9e5c8e27b35c3fe97ca4,"80,865.71",2,9230.769231,
0x14b36de17134f2f71a05419ee4feb81987d5389b,"78,501.40",2,9230.769231,
0xaad8c1596866877e42ba4cca83305c6e9ed7f470,"77,634.18",2,9230.769231,
0x084fd5127e158ff8227d95ff6899305d51d5bd56,"77,203.52",2,9230.769231,
0x7c61b32eae156b82196551233f57f9b20ef63a70,"77,147.56",2,9230.769231,
0xc1277eb0415f98bdcb8da5a9af91ccb543efe6fb,"76,781.58",2,9230.769231,
0x19decde77c8fb239cb188330486424e42732d2cc,"76,213.77",2,9230.769231,
0x93698d01659adbfedf26207cf53d3206d2ce40b6,"76,207.09",2,9230.769231,
0xbf201aae7e012310b2a0d684bd456027a19e6563,"76,022.94",2,9230.769231,
0x01d68fb87e9c76108536e4b734a3423247755d09,"75,583.95",2,9230.769231,
0xb2dba6629f8b1f4135205f6faabdfe463b12647f,"75,448.50",2,9230.769231,
0x88643c224f37f2bce9532ba8c9765c91cb6d2973,"75,312.53",2,9230.769231,
0x4e648a170307e26bd5c6c92ea06ff7b2652bf3aa,"75,200.61",2,9230.769231,
0xbcd8a9a31b0f50e385593d6a26a8bd8fa8b23067,"74,620.77",2,9230.769231,
0x408f4072698561b063e436d50ca6bd4bbd621d4e,"74,247.37",2,9230.769231,
0xcea0a1459672a8ff00c519e62c10d172d457818d,"74,073.25",2,9230.769231,
0x0b7e303baa657fdba046d13e01548bb0b22eb485,"73,673.46",2,9230.769231,
0xa389a7dafd07602ea3b964f53819b40eaa10b1c3,"73,571.26",2,9230.769231,
0x111af688d0ba06694fe55dbaad9baafc1a316f47,"72,939.84",2,9230.769231,
0xc3a7dcc631438f0e6937d726672184a9948148b5,"72,915.72",2,9230.769231,
0x005658c9a1d145d506b91d56ff540e7383788699,"72,574.45",2,9230.769231,
0xfc81a4476e099c57492a62bdd8f49f626055b18c,"72,376.73",2,9230.769231,
0xd2bd4d1911e7df87ff5011049d87316bbc48bf51,"72,108.91",2,9230.769231,
0xcc2a71dbc6bac68f1b86812812fbd0317a4e93bd,"71,852.52",2,9230.769231,
0xd0117cb83071b5fd30f672e8e2b5cd4e5523f15e,"71,509.58",2,9230.769231,
0x4d101f660155f90abf780cd5c12cee97336b47e9,"71,411.56",2,9230.769231,
0x262ad6a299027a1bf88c89675b84075a88145988,"71,391.87",2,9230.769231,
0x6f5eb6074686452683b1f8e1f4d680f3b5e5f093,"71,019.32",2,9230.769231,
0x20ea08d74d504f10e02b98af948a4719d678a2f6,"71,004.22",2,9230.769231,
0xbd568cf826b1b8f8770566c293cadfea8327c6f2,"70,395.70",2,9230.769231,
0xa5e36e2107175a96955847fa5e62ab8a86a4972b,"70,356.31",2,9230.769231,
0xddf0bf2538e83b05b7e32e6d0659a3ab19c6638c,"70,257.38",2,9230.769231,
0x164233074aea2c5b94021e3a94ab0f56b00a853c,"70,234.75",2,9230.769231,
0x3918892443a7c3f83abba8e2d8b545ada69cd57d,"69,927.40",2,9230.769231,
0xd6e5e0a6b3777b32075faf79c78d537e3262f8e0,"69,675.79",2,9230.769231,
0x711a9c967ba7ccc56b10d7b23cca5743274849b1,"69,304.32",2,9230.769231,
0x783038722cb32ebdd2f41cc17ab6c7452c88471c,"68,561.46",2,9230.769231,
0x52b50305384705034fc96a4e3e04f77f6dec5e00,"68,131.68",2,9230.769231,
0x756d299693b6a3c8f80e5c6b166d6e92c5bd03f3,"67,715.90",2,9230.769231,
0x8574731b254f7be9de16eaeff9cabdb53b3cb06f,"67,671.98",2,9230.769231,
0x603844274d7089b3b744bb8c360df6327562feba,"67,170.06",2,9230.769231,
0xd8849ecee2f9e67c85c6c1562eec0049123b7e30,"66,798.88",2,9230.769231,
0xdfdd6ab0053d1f8cabd516fb1ab93dd1f6fa1d32,"66,633.49",2,9230.769231,
0xacf856e71fe8165d160df4921332a58fc4f6617e,"65,733.86",2,9230.769231,
0x90fe7e172fdf30e0e734044db21bc968bf1a8568,"65,511.62",2,9230.769231,
0x575843e6dd6502dd83829a40b1e475f30e121c22,"65,431.97",2,9230.769231,
0x87058b285bb4a6b666400dc70e01c77b4e0f9df9,"64,020.10",2,9230.769231,
0xef17fe3eeddece3c69f01d10fe14fd0e2b591c48,"63,202.58",2,9230.769231,
0x4a8705ccd1bac13408cf38c72c1a986cd338f27d,"62,842.74",2,9230.769231,
0x56cbc4d21643d63b1de86f2311de5ac7f32cd363,"62,781.63",2,9230.769231,
0xb770e41d7a3e9b14d41761fed6b200e85cd7fff0,"62,614.13",2,9230.769231,
0x0c815ff679942b08ee6ad0039514d28ed2c5cb8f,"62,579.59",2,9230.769231,
0xde8a0d367aa3d836f306741f16e85899f0dfc2db,"62,517.69",2,9230.769231,
0xb6d114dfa4ba4fe09cf556dddf79a80c3a403c93,"62,036.50",2,9230.769231,
0xe6d203c3657f5e6dd347c64104bc768e83f3064a,"61,988.83",2,9230.769231,
0xba96233753e13b5bc147ba409785302af1fbcf42,"61,026.80",2,9230.769231,
0x592ceb65adc843a030eeb6142455d17f0c0121d8,"60,443.33",2,9230.769231,
0xa5b954c04cba071fa8963f6a0eecc61e19ebb564,"60,432.39",2,9230.769231,
0xa56465b739ee22a70fb2012b4973bf366c8265e5,"60,415.76",2,9230.769231,
0x0b63079ddbc15865b0031b02e9ae47c6a32889aa,"60,001.42",2,9230.769231,
0xe89f65f62f52f52b62e9f47bf173b8265df3e77d,"59,844.16",2,9230.769231,
0x8f2ef548e71a59194418b7d4cc7365db5679dc3e,"59,035.75",2,9230.769231,
0x867dba6a19b1f2cf0ba5b5823273c3ac245ddef1,"58,809.32",2,9230.769231,
0x620d55f5ece23d7e573fd5a28c1e9711da079a19,"58,693.29",2,9230.769231,
0x0f2b771e7cf2db2e04e9c58177751f3839d5ecee,"58,643.22",2,9230.769231,
0x6774f62cc9d81218f5f82724bc90cd64f0f4a26d,"58,196.56",2,9230.769231,
0xcc174eb14fdccc1ab80ea6d8653042fb254c3973,"58,114.58",2,9230.769231,
0x7497f02047e93fbd831fae240754c9c85cf40d60,"58,098.87",2,9230.769231,
0xffdcf662018210406b9ce982b2d161cbc8a81ac1,"57,977.79",2,9230.769231,
0xf50e40bdcc929d0d0166a40ef9184a573a33db5f,"57,846.44",2,9230.769231,
0x53466ec79cd1060eaf8cf597e314d698149cc36e,"57,755.34",2,9230.769231,
0x8b619c4e50e50a67866a75754ad3dc33f5729dc4,"57,327.55",2,9230.769231,
0xd85289b0d9adee98d2a3302fb9bba10e5d3a30c5,"56,958.33",2,9230.769231,
0x3c9dcd429565e41b2a964c089f8d8bdeb0125a10,"56,923.79",2,9230.769231,
0xeae02aee57522472dd90f46d2bf9928554a36dc4,"56,077.13",2,9230.769231,
0x44ca469b8d6d2ac330ee6dee57d2a8731493d2ee,"56,005.64",2,9230.769231,
0x5e44a32d16e90d346fa49c3d7d35b5118743bd47,"55,640.41",2,9230.769231,
0x18b5f62c3830668d64f859a5a71511b2132075f1,"55,214.10",2,9230.769231,
0x067ad88bd4edc5ab39fbe4e1a595df2fdcc7005f,"55,008.58",2,9230.769231,
0xea69f5b872620f3bc584ded4ce6d3846ee9c5bed,"54,772.96",2,9230.769231,
0x8040767bd1304bd210aaca8b3f43ecd3a1717949,"54,594.76",2,9230.769231,
0xae239ecc512f12bffbfef83b1232e1f2d536416b,"54,362.11",2,9230.769231,
0xbaf66e1f03d860a790b0de6cb9aec272a5b3abb2,"54,207.08",2,9230.769231,
0xa829642c8eeb00ed32bc29678870b9a4074af14c,"54,063.30",2,9230.769231,
0xa74271c591fcc31d6ee67c6ef93a8233163b7e34,"53,940.01",2,9230.769231,
0xa14daa53e1887e65d93b15bc792464d9aebc421e,"53,539.71",2,9230.769231,
0x3a6b433f4b497f1d5d49f3462d4d40992288fd8e,"53,354.81",2,9230.769231,
0xe412d5bffbf1345549f70c2f5696043761b5793a,"53,350.07",2,9230.769231,
0xd5bff4af9633496d3ee11df95ac2c126141e0c16,"53,318.91",2,9230.769231,
0x24664d171236dbbfaf5fe8ae05813341e63f36db,"53,055.76",2,9230.769231,
0xd854b38cbeb222d1684087c05161efbe6cf9f14b,"52,766.98",2,9230.769231,
0xeffad5bd22a02f92e114f1079d4549265e36ca94,"52,740.52",2,9230.769231,
0x30f7453f7fcb89fa6fc8a2309f9786eba43242d7,"52,632.66",2,9230.769231,
0xb0bde6b2e440cdced97da38f7f94e8bf1c07ef75,"52,339.97",2,9230.769231,
0x46c21e16cd70ea53fb2bcc847871ed5adc088e02,"52,052.96",2,9230.769231,
0x81a229dffc8f945858a598d19356faffb1c8a643,"51,303.13",2,9230.769231,
0x12b53171f1143e8bb7051bdcf0122dc2ad02c387,"51,292.56",2,9230.769231,
0x82c35e598e40b1b87618dfb0d31396d76bc255e7,"51,162.52",2,9230.769231,
0xde83021d129adb30186951f520f4ad8d49433e8d,"51,118.18",2,9230.769231,
0xb4c44ce26c524794e9f7f743829dc4ad988490a4,"51,075.07",2,9230.769231,
0x1fd3a7f7cf1c605037a2ee859ec48facb33ee11b,"51,036.74",2,9230.769231,
0x224974039610c22db886e3af5c8f0533190febfa,"51,026.34",2,9230.769231,
0x04fc5906a7155b20db4afd8266f959b2a5de0086,"50,820.04",2,9230.769231,
0x04d6781a86463b8e8798941780864b3768337a44,"50,613.68",2,9230.769231,
0x9fffb73846bafd8d02a380a37a4f940f53f13435,"50,580.31",2,9230.769231,
0xb3ac09cc4eb4bfde002d2a00b7a4771d72ab9b44,"50,444.90",2,9230.769231,
0x4a40b33d2817636837c3ce01101060ecdcda9ead,"50,219.72",2,9230.769231,
0x251dccd91d304696b29fcbc8ef54d36bd3243f44,"50,096.11",2,9230.769231,
0xb6377d1c0bb4b05a184063d12aa834a16fb0f395,"49,899.62",2,9230.769231,
0xc9fbd1f27ed01d18f38a3d47e3f4b9eb0f01dc98,"49,724.62",2,9230.769231,
0x21ff63dcb2b5e297a1ad4600d2b58aefe055c25b,"49,508.55",2,9230.769231,
0x5d118b846c411dd61b15611f7d11eaec2ebf98db,"49,219.09",2,9230.769231,
0x886f9a3a132a4f6926a1e5cea8575647a336f59f,"49,167.54",2,9230.769231,
0x4e8a511f117c80b97db153fd0adf77986078e175,"48,927.89",2,9230.769231,
0xc754f377b7dc3a5c54944ec5cfe6a0e4e0be8d4d,"48,680.11",2,9230.769231,
0xcca6825f1eb6df7056074d08a1f4171a52cac324,"48,606.47",2,9230.769231,
0xeff5f304a0904e4492d6012e85cb1f77d476e024,"48,500.06",2,9230.769231,
0x13cac5e9d6602311c47c346cebf1dff6b766a266,"48,448.15",2,9230.769231,
0x85ad1f3259ae887e53bf07a1a396a0401967fbb6,"48,066.00",2,9230.769231,
0x3a7ce2d8eed6d4a2e8c188b049141720e9e14ff8,"47,686.69",2,9230.769231,
0xcc209ef4b053ecfac025bc776a144ff13a07533a,"47,381.46",2,9230.769231,
0x28e47b02eae65a5f50b63ada685b7ec3898de8f1,"47,339.21",2,9230.769231,
0xc9fa9fc3b76e9ce60366a5014d51b349a1fef7c7,"47,221.89",2,9230.769231,
0xe54997f88e84b4a3f4b2a1159fa8a3b39984f658,"47,034.19",2,9230.769231,
0x4fae279c73fb1bde09a60c4503eeb11b594e91a8,"46,343.21",2,9230.769231,
0x5ed366e362d9c3ae2aa2f87e8eaaa1b898251f0f,"46,015.85",2,9230.769231,
0x9668e7eb5fcc8d8d7e7b9e1e4ef09d5454141784,"46,013.44",2,9230.769231,
0x179f5877ad343f4b7ce5c96096962e4adfb2f79c,"46,009.38",2,9230.769231,
0xb0f952e1bd24166dd819b2eecc0455befda245be,"45,775.07",2,9230.769231,
0x001e89dc15c3cf73af1f884dbc168df06b1ab689,"45,113.48",2,9230.769231,
0x82312964a3decbae95306a9229a8a4dc17215671,"44,584.22",2,9230.769231,
0xa6f2dbd30c1a039d9822f7e4d7f5334320de9ef9,"44,564.26",2,9230.769231,
0x202fd31bb0b8d73ec7871f75e174f013a947a961,"44,176.52",2,9230.769231,
0xa0d1a2ac29ed68985226672d90c6a288f9bd3c8a,"44,006.73",2,9230.769231,
0x8e9bfcd073dba70bf430f5936cac86442613cb05,"43,925.04",2,9230.769231,
0x88a7de184a0b21f64d66829b69cfacf8c9fb524d,"43,810.16",2,9230.769231,
0x3921bd9d6749b17d1f4b7106c15173eca2fd8fcc,"43,205.28",2,9230.769231,
0xd62c10e3a867a459bfbf60209e4da053f158185b,"42,344.65",2,9230.769231,
0xbc1a5d3dc108c28f27314cff2528adff7d15e514,"42,260.60",2,9230.769231,
0xaecb1e845c1300342dcef354fccbd59971cb932c,"41,876.07",2,9230.769231,
0x4821c132372c3ec1eb4a516f5f5aedd34978404c,"41,829.80",2,9230.769231,
0x8d776a04cfe1dec915f948e06008e99acf572445,"41,812.78",2,9230.769231,
0xfb6b1557d67cee4f6fa04c203e0a3bf142ce4a85,"41,557.41",2,9230.769231,
0xeba6751566cfc18d4a51fe27be8692c99ab2621a,"41,332.16",2,9230.769231,
0x3a83097181f5331f08559cdf384fc3bda9615853,"41,079.97",2,9230.769231,
0x861de0806e09534b1e9ef623b80e12a2d024ca35,"40,868.23",2,9230.769231,
0x44532f4c859906c9ab46214d1c9442550efa6205,"40,838.89",2,9230.769231,
0x6bb4fddd46785f2b8251c06ac63b67a6bd1fceaf,"40,388.17",2,9230.769231,
0xd43f9a641259a99db894cf46b1bf1a99b213f5c4,"40,377.01",2,9230.769231,
0x3e098b0fe2aaa6582d9215508207fbceed6313c1,"40,351.09",2,9230.769231,
0x16f255a0efaa0d94d4d8dd928633660f00361a2b,"40,238.25",2,9230.769231,
0x9b197cf953ecf8d4137f875681726ae076ea9a86,"40,044.94",2,9230.769231,
0xf3e1b55a28030b516226ee53b2d177730b7d355a,"39,808.94",2,9230.769231,
0xc5ef1818924cf27e9245d68fe433ce2e9fdc4a67,"39,739.61",2,9230.769231,
0xd77eac3256eaf3355c1a4c6a4fcb08bbe1144ae8,"39,479.56",2,9230.769231,
0x4993d2ae34dc5d98d254284ba5edf665501a98b8,"39,310.78",2,9230.769231,
0x44896647eebf98edf0f2f8450863eff2d12d814e,"39,108.35",2,9230.769231,
0xa0ac200909bbdc706cd75f5d47c5ecd8d87ff4cd,"39,015.22",2,9230.769231,
0x8fb74e74c4e55c4864ac68b03e2bdaecf33593e7,"38,804.49",2,9230.769231,
0xdec815d7e3ae29440ef5aa5ad9615f6258594830,"38,530.28",2,9230.769231,
0xefae2cf9fc744560bd6be9a4b718605704fa826c,"37,888.18",2,9230.769231,
0x972a95a5a9b2c3978f20e238e4246125f6493c7a,"37,417.19",2,9230.769231,
0x4cbec5f61c3e90b0600bb8a5f0d35a91db990bda,"37,259.47",2,9230.769231,
0x839b67d5170912bb5d3c65c826d0e06900d94ae8,"37,117.18",2,9230.769231,
0x797a6d918ffbfb1ab58072af533fda34df24e8da,"36,702.84",2,9230.769231,
0x3d050f2c99a543633f4c1cdde75a05a204699bae,"36,506.71",2,9230.769231,
0xde621a590d48bd4a3682d972c72cbe7cd518366f,"36,239.22",2,9230.769231,
0xe143706b706cd1aac1bc6300884f3127e6c92b53,"36,234.00",2,9230.769231,
0x5faa58732f6629f74181307df6edfce67a3d89f8,"36,233.63",2,9230.769231,
0xf44131754376330572d2503fbf76041a738ee758,"36,231.56",2,9230.769231,
0xd5b562caf3425f2e1fc1aa5c6e7100a81aa219eb,"36,118.80",2,9230.769231,
0x593cfc43dae33a7277ace8716c295befc2602f8a,"36,062.90",2,9230.769231,
0x599467c80e7e4533b1949e6b41ec8e0fce3f327a,"36,025.41",2,9230.769231,
0x3ea65ebc28163883a23d091a7e290280728f48ba,"36,014.02",2,9230.769231,
0x064af1e16b120bcfe929c1fc9dff971fb4b69fe6,"35,934.31",2,9230.769231,
0xc062b7fafa5265f14d6c78bfb6a93f9c9519913f,"35,449.57",2,9230.769231,
0xc8a3d89e6e2f69b55707efc9c696870bb55cfbc7,"35,185.57",2,9230.769231,
0x96d5f3561efee445dc0c594d13c649ed2f9685de,"34,912.87",2,9230.769231,
0x6d91bf6b1eea8bad23d431304e3247631eaae40d,"34,891.12",2,9230.769231,
0xedb34d7b03f950387990b1905f88ac6d9e1b3f97,"34,576.25",2,9230.769231,
0xbfbe5822a880a41c2075dc7e1d92663739cf119e,"34,028.04",2,9230.769231,
0xf96e7564656cb45705270de2d48a86e6cdc92f06,"33,889.73",2,9230.769231,
0xeb2b87904f8f669b039869b906ee5aaff551e015,"33,590.16",2,9230.769231,
0xec4124f64dcd750eb7aa565a5f1fcc9e82ce1fd5,"33,312.29",2,9230.769231,
0x92ddfbd1abcfc0cabee973f07126c93c82534dda,"33,173.44",2,9230.769231,
0x1ee63fca1ceed215572f650ac40bbc6664db85c3,"33,018.84",2,9230.769231,
0x5897a6637e3f23d11d08e4ed1d8d31951d5866c9,"32,866.50",2,9230.769231,
0x885c352a8904925a9201b430b055762cb2d16cde,"32,720.34",2,9230.769231,
0xc07b414f03d763ceadcdd5231b0f2e6c9cfb8bec,"32,628.06",2,9230.769231,
0x53024329944c60b942a1e3550e4b53a61a51b6a2,"32,469.86",2,9230.769231,
0x6331a09d75a0cd66fdfe8d86613ff880198bccac,"32,385.35",2,9230.769231,
0xbd310c785a082aaad2c6ff666741ea8716a847a2,"32,346.54",2,9230.769231,
0x9391ca21e81f9bb17c41900799c0f9f58b80698a,"32,089.49",2,9230.769231,
0x2d508e87e5e886433bb40a9672cc63565108dd9f,"32,061.41",2,9230.769231,
0x9f8ca3597e80e802b528677ad8030ba0356defd5,"31,837.15",2,9230.769231,
0xb282c65867adff9103ac7905de2de55b188a8d16,"31,721.00",2,9230.769231,
0xa779a8cc2d69b5855e9affc57190f031678c8de6,"31,687.94",2,9230.769231,
0xb04c4920001b2ee23e4db858cdca1508e7063de4,"31,657.15",2,9230.769231,
0x8f4780fb038d18e860554758a8e5695a4d7495f4,"31,584.02",2,9230.769231,
0x038a41597697cdcd5ad953cdff7cbada89a3cc37,"31,467.45",2,9230.769231,
0xa4b67fa1f51c11b43b11910c2aa174febd51ce3d,"31,338.11",2,9230.769231,
0x8f601cf1db616e1c0fe7a746f9920be63461ad04,"30,943.49",2,9230.769231,
0xe9ab62e56ae995b3d40321fdc0fc8334b7cc4dbc,"30,822.67",2,9230.769231,
0x0490ba2e089c9a8cb45c75816c34c860c84f6d0f,"30,669.58",2,9230.769231,
0x47908b6d055e538fd2f17a92440df8f8225dfc99,"30,591.81",2,9230.769231,
0xefd4a432c55e0c9f789a9be7f500cc967c74ae62,"30,442.62",2,9230.769231,
0xcef6ee802d96ead5f84a60c302ed9f9ce8966b98,"30,345.77",2,9230.769231,
0x4c26cd73c5a59009d9d9ebfcb69dc6e87de9e1e8,"30,325.58",2,9230.769231,
0x36076e5a401decc61c03da97e732c8f1e984cf61,"29,982.06",2,9230.769231,
0x9b1df568bcbe52abeb4c9ea20953f465184916c4,"29,907.26",1,9230.769231,
0xe8ec75eb9149ed036eeb28446bcfc1767ddc60f7,"29,654.99",1,9230.769231,
0x3155a8d1a00ee515b1af232555ebcc0e14ee232a,"29,640.25",1,9230.769231,
0xbd6117903f5f9a03d9acbd173a64e45096d3a93b,"29,604.83",1,9230.769231,
0xf484ab20fdbbd654e0a89a40018206298147d11a,"29,597.53",1,9230.769231,
0x4f80f4e22df23e5c6fb754e1e9035382bbdaa9ba,"29,544.00",1,9230.769231,
0x3fd91100146b65248f775b7b034d1bbe93310100,"29,504.79",1,9230.769231,
0xafd71a2a78b953f7764269bd3f6fd3645e61baf4,"29,496.12",1,9230.769231,
0xee67d2411a92b01f96cbcb0ac587cd8a469ca8e0,"29,377.62",1,9230.769231,
0x32f4c9aad9be100f292bc7c76abb59913bc7486b,"29,275.40",1,9230.769231,
0xc974d57ae6ba91f29b540d565953848de313768d,"29,211.53",1,9230.769231,
0x5571b14565bacfd38e07b9c52a8c313c9b42264f,"29,169.80",1,9230.769231,
0xb127fa91bede2801bf9e3049ccdd9390d8ff2885,"29,110.70",1,9230.769231,
0xc9d5ca12c7f0b1745109686af968b25117761630,"29,100.02",1,9230.769231,
0x4f3d68586283a72bffc2dd3fc10a9b917e678e49,"29,092.05",1,9230.769231,
0x3cd6e94d5041cc3fd5ea56a850cf9573cde45ea7,"28,945.15",1,9230.769231,
0x3926f62301924dd499a779a6f8cfefddbbe0b495,"28,942.63",1,9230.769231,
0x7dcb14d7219b45acc36b08a3349374e2056bdc80,"28,937.83",1,9230.769231,
0xe5e74d1072a004a07dea1b0ff4c169424a0b2078,"28,933.85",1,9230.769231,
0xa1627501947acfb5e6c4982f5851bd5f982ec1c0,"28,539.53",1,9230.769231,
0x20e8f109f76591ab045a5003b15bad1f36097ea0,"28,461.51",1,9230.769231,
0x35d24802736de24811bdad7ffc39766f3d43ed31,"28,254.74",1,9230.769231,
0x185670a2205a325b37f65795e4a435db21348eb2,"28,190.29",1,9230.769231,
0x144e5ab94a033c615248afeb92cf6bff2504dcef,"27,911.29",1,9230.769231,
0x2d071ed8fc2ebee7c2e057f8e23787ab88606e85,"27,889.59",1,9230.769231,
0x1005e4b7ac8ea525b8c4ae04e351ccc92f8977ae,"27,793.99",1,9230.769231,
0x415a1471439c1ed9a0de78ad9d59324436b900fa,"27,763.12",1,9230.769231,
0xdd31a7c689e9ab00a16f5b20b88dd90d6695cccc,"27,637.47",1,9230.769231,
0xf808c58855bd44386e2db4f2d693ee0219820ade,"27,551.04",1,9230.769231,
0x8f131d6775bfe276e9880839e9f101aca9cc9d73,"27,446.71",1,9230.769231,
0xd5dd0270652cebc1547f04e10381549414c55edb,"26,886.19",1,9230.769231,
0x1149e32247435e624e9aaf631a74f40c0044994c,"26,870.81",1,9230.769231,
0x8dbbdd0391cb1512ddf09dd9b9b5aa60e80fc29e,"26,829.40",1,9230.769231,
0x3ff133b3fff9fc995562638bd177fed8146c7334,"26,711.67",1,9230.769231,
0x1f401c523f1339dca8bab58a46946f59f4010dab,"26,545.96",1,9230.769231,
0xdb3d6de441f62012597377628a14c85b0e988564,"26,492.61",1,9230.769231,
0x795c62a116dc534bb17fd39ff5f7831e2af378a3,"26,373.74",1,9230.769231,
0x4cb419ae4bd6f28f379fab462e1120a2e88d4a4a,"26,230.84",1,9230.769231,
0xf8e883e42f4314a665c4dbb5a2ae66acf966feea,"25,858.60",1,9230.769231,
0xe3d59ddc48bd5287f5cd5b3df5d696891739ab0d,"25,704.91",1,9230.769231,
0xe0d63b7bcdec6ade4729071990ff8e9e3e244163,"25,667.15",1,9230.769231,
0x019d253f251a8818c6cb990e37e4fc988ae7ce9d,"25,606.27",1,9230.769231,
0xab30d83fb7a0c2f7b156c447ffdbd897c5849cf5,"25,558.30",1,9230.769231,
0x8144661f6e68e2430b7a844183fdf179f8814f0a,"25,489.75",1,9230.769231,
0x650548c1624ccb03a4840ba325c27f5e1d4a50dd,"25,412.89",1,9230.769231,
0x5934df9df54a945f3889b704afc93aa51706e2a6,"25,403.07",1,9230.769231,
0x5c091e47b22e39cc8bde2655a43e4fd66e3a2a49,"25,398.73",1,9230.769231,
0xe3d5b483dad271340d1b0714cd27f3108e8fdeff,"25,395.60",1,9230.769231,
0xedce8173ad7f9c0f6e4213f512748aa72a444c7e,"25,371.77",1,9230.769231,
0x06fd8cf946161dc99b728f3a65d38b8121b03744,"25,340.13",1,9230.769231,
0x51829c8eeed36fb463e1177bcb644e3a26eaa2f6,"25,233.44",1,9230.769231,
0xe2252a53dff4a1f362dc004b4cf6e2853d04e18a,"24,960.06",1,9230.769231,
0x0a72c3d1a6fca3d367cf0554e71bbeefb8c0feda,"24,881.78",1,9230.769231,
0x23c167ba09668e082f32c93f09932d3828d738b6,"24,879.88",1,9230.769231,
0x03a6ec9de3f92e07441c1c4da1645c725698ac39,"24,842.61",1,9230.769231,
0x7387ea082408c54f818fafe7850073c6322193b2,"24,731.14",1,9230.769231,
0xab23a421a551129825bb2aaf8c2374b136244d8b,"24,521.12",1,9230.769231,
0xef4ba51de50c1b585effbecaeb7eb1666eece39e,"24,255.21",1,9230.769231,
0xc2204a98ce268e2a59ad144856a96443c207aa49,"24,250.01",1,9230.769231,
0x3ece76b96570d9f41389a7c8ee63d12c58f05913,"24,196.06",1,9230.769231,
0xbb4c08c4f16e4c0ba365167facd9c1a2b62d2de0,"24,078.66",1,9230.769231,
0x7541ef2c774eecda4a86d9fd5aeece2a6db84c6a,"24,038.76",1,9230.769231,
0x2746a1cd35c24a2028cdb00c75acbdf3fd85e22a,"24,012.88",1,9230.769231,
0x72e9fdeac6f6a59d6ada677311d63de66bd1392e,"23,964.39",1,9230.769231,
0x0ed19425fc154b14ac049f6c84be3cc49540862c,"23,898.47",1,9230.769231,
0x8545291dde86f401bb3f035b22beb51936c26e7f,"23,667.24",1,9230.769231,
0xc600b7a1f3d0f92226d4b284bb53e001a7e49d7d,"23,651.86",1,9230.769231,
0x27f623c43acd51384ec305db6bc6d8e41536ddcf,"23,604.96",1,9230.769231,
0xc9fafc98d8482fbafd4c68a72ea881403a003420,"23,541.35",1,9230.769231,
0x6939a1efb13dae039f5aec81bf40ccccd28c9476,"23,538.72",1,9230.769231,
0xf820ff7c0c5102a3d915bb841cabbc8ad0eee8a1,"23,523.63",1,9230.769231,
0x1357cfa99dc85bdd3d873ecf4f7417a03afb298e,"23,325.48",1,9230.769231,
0x05bbfdaa332d3517c108b01f0537488f6997e05f,"23,281.17",1,9230.769231,
0x30d5d619a78c10475b5f9030ab54537a96952a1d,"23,268.41",1,9230.769231,
0x8e09baf3024871a5234431d0098f06bd091d1d61,"23,146.07",1,9230.769231,
0xf46e9f6c9ddae4f033553c487ba9d2e196b47560,"22,934.65",1,9230.769231,
0x6168aa48f0297f7bae6b0bdc5b5556e7079eade2,"22,891.55",1,9230.769231,
0x598e6498903ea2b4d2cae4e8af5a497fed14708a,"22,760.40",1,9230.769231,
0xad950a2b4b26f50e662c6ef4bf25d3f8df0de628,"22,683.26",1,9230.769231,
0x99bd2a18ef0ed70476f71229726f553181dc8c1a,"22,621.22",1,9230.769231,
0x15c1e1cbfb9578fa797f74e2d3e8332149543ce6,"22,411.84",1,9230.769231,
0xc9dda97c76dca95b1b5b542cffc17c1d33fce2e6,"22,398.38",1,9230.769231,
0x6b9917c5ecb2eb708d3d10ee81c72b36a8de9414,"22,391.24",1,9230.769231,
0xa2932936409a5a3ca10c211d0659b1202c798ae6,"22,389.20",1,9230.769231,
0x886d52684d70ccee4a1ed7df45428fb46fd84607,"21,739.24",1,9230.769231,
0x1584d80d509901a05d5068bc8294de47b460c25e,"21,642.25",1,9230.769231,
0x442601f92a3e895b07b8c15de5289dc6e931adfd,"21,602.05",1,9230.769231,
0x272ae8d19de8106aa9d2233253d0558ae5c857f4,"21,385.84",1,9230.769231,
0xed4de1e7a6e52cd0503c4334305f507bb34e2366,"21,340.01",1,9230.769231,
0x645991527e1210c2ba0c2e12e75973f824ccc313,"21,244.85",1,4615.384615,
0xe8a6cf33ad226883f3e02659cb465b71461455eb,"21,213.96",1,4615.384615,
0x67d0666fa38fbcbe2406f8274fbebde6e963eb9e,"21,180.60",1,4615.384615,
0xa46188d118a12e2a6871e68b99747a99e30647f7,"21,064.32",1,4615.384615,
0xff1496f24c22b7c96ecbbfa7ec5b3831a450be13,"20,987.35",1,4615.384615,
0x95bebe6f4337b2b5919cb17202d843a375b545a2,"20,934.33",1,4615.384615,
0xe24161cca447f1f0b2a5c7d0e8f4c2874168773f,"20,887.99",1,4615.384615,
0x71b9517155357b317362c31da3c5bf6a0e9c94cc,"20,633.44",1,4615.384615,
0xc5f6621114a6750371ed16973b5fbc10f7bd17c2,"20,631.59",1,4615.384615,
0xc21da9defe77e78a57c1f5d1f7577f23de48e586,"20,567.12",1,4615.384615,
0xa9ad8d04af864e7866d913e457bffe1975ca8073,"20,554.20",1,4615.384615,
0x71ceab7c01672cdae4b7b12b504b940c89621b05,"20,441.35",1,4615.384615,
0xc31df445eae41d57f3dec40ffaaedcacb5de69ce,"20,370.01",1,4615.384615,
0xfbac7d53233ad0c54b2f0d76eae053b380a0013c,"20,228.39",1,4615.384615,
0x9f05505a3152b4b9ab8abf06aceb52b205659f2a,"20,157.84",1,4615.384615,
0x8dc9f267e46b1e179f1cc270cccb74ef31082727,"20,108.81",1,4615.384615,
0x8bbed547b0744a152e3342f93675fd387839bdeb,"20,094.81",1,4615.384615,
0x337fed815efd23826a18b11953709b63be6c1a47,"20,072.61",1,4615.384615,
0x17a41502a216338b06a0b62e933fa92f9eac3575,"20,066.13",1,4615.384615,
0xb2edec4825e9036e4d55ee4de1e768204ec5dc32,"20,061.77",1,4615.384615,
0x5735468e52167a9a8bd8ccd913b84f7782cd5310,"20,055.75",1,4615.384615,
0x7a863600addad93b98ab998dcabafc25116aa6b9,"20,055.29",1,4615.384615,
0xcf79d9c5c77cf41372131cf5dbfcbc2ab75aaaec,"20,036.90",1,4615.384615,
0x6c271bc2b6bcc494ce32fdf1a7125a8099c604af,"19,992.68",1,4615.384615,
0x27425a964c9d175c5b7be297fb7542e79a4cb2e0,"19,962.30",1,4615.384615,
0x948f3099f2143decd6d4fc571022fd2d533d2cee,"19,950.66",1,4615.384615,
0xbeded60a60b61285a62756ff8424152bc6ec329f,"19,855.73",1,4615.384615,
0xdd18d59c0307c528cf52bfa79c14f9585daab0ba,"19,826.67",1,4615.384615,
0x412893899a3ac0ea0747d22131d9e9baa31a72a4,"19,664.08",1,4615.384615,
0xeb3c291f323a5369854f17a504729ea92187904f,"19,660.48",1,4615.384615,
0x1f9912db09c62249e9060d6ec2c153372d2fd0e6,"19,640.97",1,4615.384615,
0x6ee8bb321a661a3541b08bde891f4393697520c2,"19,523.91",1,4615.384615,
0xb8ca532ded4bd78b91136356712328794559712a,"19,475.21",1,4615.384615,
0xc7ae0c733619bc73b1fd575583e372ce8f7793f7,"19,463.01",1,4615.384615,
0x80235907e8879e25359656c025966f3952a62424,"19,400.01",1,4615.384615,
0x673a76aa385400838b292995629e11876cb18efc,"19,400.01",1,4615.384615,
0x55c87c1df57d4ec996b5f6c60ae41c99bbf0b24f,"19,366.26",1,4615.384615,
0xcbcf00f4b35482b9c146b53b866b409f22b0cbd5,"19,222.53",1,4615.384615,
0xa6da379755e253b70d7f041d6da04eaf3aef97c4,"19,200.01",1,4615.384615,
0x1dc8f555cb6ae5ad84bbdacedf6a2e35b5c2c759,"19,195.41",1,4615.384615,
0xd8162dab0ccc897fec98737e82a83b020f29d03a,"19,178.55",1,4615.384615,
0xe282dd7e10763d66b5f93e3e1e01652c533c738a,"19,171.75",1,4615.384615,
0x1f7cc0767f4f81c248a7da0a52f9fb36b396171d,"19,046.80",1,4615.384615,
0x648d818972254b0d6e550998bd1d7d91dabbffef,"19,035.10",1,4615.384615,
0x457951dc02ef8570ca9089b2a65203e0c82ee3b3,"18,987.71",1,4615.384615,
0x5a35be4ad9e57608845c41edfdb543c13fd7479e,"18,808.29",1,4615.384615,
0x9ca5f66f32f9c329193a9af961c061179c6e5f45,"18,770.43",1,4615.384615,
0x84b016ecd94e4a8c1fc9b6258509e1accb745edd,"18,728.70",1,4615.384615,
0x3338ead999f4995804a700cde2588dccd9285164,"18,725.33",1,4615.384615,
0xf7b47db8d1a24ca666896586cfd36367be473c7d,"18,679.08",1,4615.384615,
0xb718a751296e5121982f10eb4b09df686fbab4e8,"18,656.87",1,4615.384615,
0xd691904825f223b6be284ea110a3cc12eaa9f1bd,"18,634.18",1,4615.384615,
0x30e8b02e0db5a05bbfc4eec38dd8b07cdbc96f12,"18,606.43",1,4615.384615,
0xf043ba79e90c81eb5b29fe97a74604bb21b3a3f6,"18,471.67",1,4615.384615,
0x589c4d0692244b9877cbcaa5acb6dade865edc40,"18,037.49",1,4615.384615,
0x0232106f4cb0a71ba14e7d3c62937d1c5a0dc5f4,"18,019.20",1,4615.384615,
0x6c1048033d2aa02af606d5cdf41ff74f5c59e4c2,"18,014.83",1,4615.384615,
0x3d9167ee4cd19800de122843da9eb55d72d12be5,"17,994.99",1,4615.384615,
0x652405e5815602c2a6933af9a8f1da4b11d917db,"17,761.57",1,4615.384615,
0xfa010a552da5ff1c1d357ca6c0c2072d9a86c0be,"17,741.82",1,4615.384615,
0x52f641c8c29f3883b853571bf5edbcfb18e186a4,"17,633.29",1,4615.384615,
0xcb1789cffed488fd2c3fd28502fb35cf5d154306,"17,620.58",1,4615.384615,
0xac01d3a2dc81b5fa92fbe09cd03307f165ebd650,"17,460.01",1,4615.384615,
0x5cbbb4742cc2c7a874f963c5f1077f684a14fcfe,"17,393.85",1,4615.384615,
0xfe634c4a6dce7e3a816a14a5d0c95886b2878f49,"17,366.71",1,4615.384615,
0x1c674507bc347f610b9786efa577785661c4e198,"17,323.38",1,4615.384615,
0x6725767405b9be120b745b00703c2ec81a70b17d,"16,922.48",1,4615.384615,
0xa704c0d06a1914ed31b1e5ea9b6af75d57c1d064,"16,899.27",1,4615.384615,
0x3bf7ea9f15d257c50554d50bbf83c660fe242125,"16,810.66",1,4615.384615,
0xfc01bca46f1b13f6b25324e68e4da9e3a6e91d49,"16,689.45",1,4615.384615,
0x5b1e56845eba8986446705a19e66e3aee39512c1,"16,577.05",1,4615.384615,
0x6896666ada588d56521d731697241df6edf9f2c2,"16,574.82",1,4615.384615,
0xdab7d533eb027d67b5c3a3637e1cf2ec1a36dc0e,"16,487.26",1,4615.384615,
0xfcef0accf8150c83c90a7e91f24e14395ab713ea,"16,374.68",1,4615.384615,
0x9d239b77df5dd73b02a2deb94b52a96cf2a17b5f,"16,345.58",1,4615.384615,
0x3fd3913feceb07a49a7a4971f0dbaa8a38614cb5,"16,287.97",1,4615.384615,
0xca01bceeabeece25b1bc4ebebbfc1fee087fcb3e,"16,176.68",1,4615.384615,
0x877c1f281613e92d763dc2739c4a8a49c0d6fdf8,"16,082.05",1,4615.384615,
0xfb2f87bc360e7cdd085b95ca226fd0a5ff3c0700,"16,075.30",1,4615.384615,
0xcc4c2ce235edc7a72177510aadd24b22458ccedc,"16,065.63",1,4615.384615,
0x9acf3ca7188e529a8547cacff1117ecd69fb1cb9,"16,065.00",1,4615.384615,
0x383043acbcccd333c6cb38ece73a2840f6973a64,"16,002.51",1,4615.384615,
0xc6acb0901b59f3b7ed37b0e91e323a420d607fab,"15,921.75",1,4615.384615,
0x8ea6a60ae9a9473279a6869c11232056ab68f9a3,"15,870.40",1,4615.384615,
0x7ae07ac30e988a8b130e9dabfdfb161eddcdff0a,"15,842.86",1,4615.384615,
0x223d602f3eae89ae749b7242ddde81ea793d37ea,"15,718.79",1,4615.384615,
0x8ec9963640676ad5a6d2c2e6dea4199e7b0652ac,"15,702.02",1,4615.384615,
0xae94155639fb5fe7810b150aad24cbd0c1e24c54,"15,677.63",1,4615.384615,
0x40476de9fad3869429c0f0c96dd5cd832ca43493,"15,530.64",1,4615.384615,
0xebae022b742a16770c2e5a565648bcd5fa6ca9a7,"15,513.07",1,4615.384615,
0x3cca66689ee2d459931d648367c6b2f72dbd92b5,"15,359.90",1,4615.384615,
0xb976ddb94716e3c137bb502d435b39181411bdc1,"15,344.64",1,4615.384615,
0x9f8d8c0fef603c712718fb1d5dc4e8efb4144242,"15,341.54",1,4615.384615,
0x530424658cfbd3ba9b60cd5577ed8d2444f9d933,"15,325.57",1,4615.384615,
0x9d7c849cdf4dbb8ee11e0ce979d101f55a474f4d,"15,266.02",1,4615.384615,
0x3c75c93d0d90cc735ca43612d16fabbcf03071ca,"15,228.48",1,4615.384615,
0x899b11881f977aeb5d9fac5105ce62c877f11763,"15,054.16",1,4615.384615,
0xa001a636dc54018f7c4d9ff7f7e85372f357ac9e,"15,028.73",1,4615.384615,
0x43b1b086dd147692ce05c5200f9d7711cf8a7e50,"15,028.11",1,4615.384615,
0xb68a9a509b7cfc01c4b3fda89deeb26f281192cc,"15,027.64",1,4615.384615,
0xd19da579b938a8302c0dad0f86a4b20cb09e2753,"14,974.72",1,4615.384615,
0x426d43f2578b13f7003f5ed97d61fa17c31c8d2c,"14,958.80",1,4615.384615,
0x992f6fc2dad07d95b8e248fdd9fc625a75d4e5ea,"14,828.64",1,4615.384615,
0x83ae10559cd5ea311030aa17e1a41e68d612b039,"14,825.06",1,4615.384615,
0xab6756aa855b81049aee2d6e476f6d710bf2694b,"14,824.70",1,4615.384615,
0xdc604bbd9e6e1a786429be2ebc4eb00e4a219ce4,"14,609.67",1,4615.384615,
0x84cf6efd9b5edae35d6ea1e780f6f56bc7abc3e1,"14,550.01",1,4615.384615,
0xe0b6bdc8a366da7de2a4bbbb41b8661ea6e5ca26,"14,521.30",1,4615.384615,
0x407911e5959667a68de5f6653cc2887187569e11,"14,477.83",1,4615.384615,
0xa49be736a831d6542e33f30a6573026f2d6ead43,"14,464.27",1,4615.384615,
0xf8586045fc199af292b745029c3061597a79ef5b,"14,331.28",1,4615.384615,
0x015b68e37e520cbb5e97bd32f3e703a2e043df9c,"14,329.90",1,4615.384615,
0x6a50ea9ddfdefeb216685bab82d266a3428a6955,"14,302.15",1,4615.384615,
0xdbf3ec27de51873f60f4ffde5ce5971797b64fab,"14,259.33",1,4615.384615,
0x5885149ae03ea5ea31050afb143c5aac784564a8,"14,240.87",1,4615.384615,
0xb152f6540ca610b500edd3c5f4691f8ce74051b5,"14,240.52",1,4615.384615,
0x6718dd40b67462c137b9234593dd7003d84f269f,"14,193.52",1,4615.384615,
0x2f35ab8651791602ab73d7d9f8493d836e5bd0e4,"14,162.23",1,4615.384615,
0x84fa268fb0de341924e9f75946f75ec66a5c6add,"13,929.51",1,4615.384615,
0x6c630151705f5228464c61bb15a254d4fa29faa5,"13,820.43",1,4615.384615,
0xf70228fbb84b942e9eeaf98d12f17b7aba6d33ad,"13,773.59",1,4615.384615,
0x765ae4e24f340089415a4eb4b2ed1ec81f95d457,"13,736.39",1,4615.384615,
0xc28cf66517cdb691e4da896d41d280a2e3e37d02,"13,580.20",1,4615.384615,
0xbe8df4df5e9da6b7a6322b0c5594c46be09aa978,"13,580.00",1,4615.384615,
0x7169449839c8bb95505da7c70d94d0701896967b,"13,549.60",1,4615.384615,
0x1f10eafe34d23582ecacfe881c9bec0b3084f83c,"13,522.99",1,4615.384615,
0xe9e636e53164820407a1921818626fe4a49ec0ef,"13,503.97",1,4615.384615,
0xc3d30ed0f28b91fa436b99eda8221139e087a3cf,"13,433.86",1,4615.384615,
0x464def4c3c271aca758b44fdaf724d58a74b1933,"13,405.09",1,4615.384615,
0x912fc8ed80a0dd244316b46da7de179e1425145b,"13,384.71",1,4615.384615,
0xc9cfdc5b7bda9b9d94ca0ab01ff315dd6d2e9dfb,"13,357.55",1,4615.384615,
0x1183110166f9c57572ea63021f527f828187d62d,"13,355.67",1,4615.384615,
0x35cedf05a11ea372cfa1c85e711602a4dd4e56c5,"13,280.12",1,4615.384615,
0x925fe4ad1f47827ff6314c6fdf9b3b7bfed52553,"13,212.17",1,4615.384615,
0xfe9ca70441b4751a786b643b0dbc0c64d3c2c221,"13,210.90",1,4615.384615,
0x9ca8e0cc75a4c6039cbbf30dbb469be843dcbbec,"13,152.52",1,4615.384615,
0x92879349d6d890c00d97e7994031c48b297538f4,"13,145.46",1,4615.384615,
0x8f299fe28d12817055afadf80871f378ba8030bb,"13,124.55",1,4615.384615,
0xddb503e424d824e7319b57342b54613232bf747d,"13,060.55",1,4615.384615,
0xa3e525f573668bed0fc2484084d1505189ee3aa3,"13,017.57",1,4615.384615,
0xcb12fc128316269905fcb15d2a6faf8b8342fd95,"12,980.53",1,4615.384615,
0x85baa5df48570fb528b106ea8b08c548a1902612,"12,972.00",1,4615.384615,
0x3cc1f48c2d7e761dcb3064d0e2fb8ebf8ba437dc,"12,918.66",1,4615.384615,
0x0dfeeffa6ade70d0650140caa9ab414942524c4c,"12,843.62",1,4615.384615,
0xbd48394433959ca28c1bf0b69663a20651f6490e,"12,842.30",1,4615.384615,
0x2c21f65ef52d69a5615f5fb0df24a1c9a88a637d,"12,807.14",1,4615.384615,
0x774e0e2c5c7798b78660f3a577feebc824f22f43,"12,757.44",1,4615.384615,
0x81b16d34e35f638f388979458944685988a48aea,"12,753.02",1,4615.384615,
0x62cd18dc2eac6f4e7e710a909b69a8f1d80a822b,"12,723.33",1,4615.384615,
0x0e811d7216562ea1f9dd4509e694515da7a7d19c,"12,706.67",1,4615.384615,
0x8c7dbd09d2bf886c285d1c61f2f72f5ede3b672a,"12,690.66",1,4615.384615,
0xcfdbd138e4567a922de33a158514250deab0521f,"12,537.54",1,4615.384615,
0xb501c8b8d5eac0799a16518f5f99331c7306c722,"12,268.26",1,4615.384615,
0x17a740f3989b262b561fad155d7cbb73b247804d,"12,218.97",1,4615.384615,
0x877dce849bc7cb0482103d6937c2a83d029f4a4b,"12,183.60",1,4615.384615,
0xc15f59cca21269e0b694dd8c08b38f4e87265b40,"12,125.00",1,4615.384615,
0x568a2862f1d6c329d9ee07c7878376c741dbe719,"12,077.44",1,4615.384615,
0x895df2d6a0a1e33c096d4415c863426576d34285,"11,899.10",1,4615.384615,
0xacb3929c945ef172ccb3cb16bfb114aad8f697d4,"11,891.05",1,4615.384615,
0xc4dc0012cafbe249ce9ef720e07e322ca75eda8e,"11,869.15",1,4615.384615,
0x66a88b4452c20e98e66e93b7efe2f6abfdce5064,"11,790.85",1,4615.384615,
0xc4aaec5b095e4e640fd3979063b544a8dd987cbe,"11,770.33",1,4615.384615,
0x32ddf5988eeacf80ff5e6ec6d841a4f8df85c05a,"11,755.41",1,4615.384615,
0xcc627a9ba13c8edc67a429405e0ceb2afca046a5,"11,693.97",1,4615.384615,
0xeb3c24add47aaa3ca1c182a31d5e4538bfcbc6b8,"11,640.05",1,4615.384615,
0x8baf5321ca89f212ad694bcbe95485838c7a658b,"11,640.00",1,4615.384615,
0x9354071444b43531e9558848c8ef6e5015862a93,"11,604.28",1,4615.384615,
0x3f2623e4a10368d9c66a64f7bb912d9224ac0b4f,"11,539.47",1,4615.384615,
0x3bc4003481daa40ad806c139b71c16f4dbd2c14a,"11,455.29",1,4615.384615,
0xdb701940d73582937d447f9cbd1bb4714f5782af,"11,443.32",1,4615.384615,
0x2c6c221d3761b46dd4d90f48c367fd47e207b38e,"11,432.28",1,4615.384615,
0xe324c065fb80dc96b61495c2508c061fa0ce04d5,"11,396.80",1,4615.384615,
0xf8656b16505491b1198016cd2fdde197c8d5ee34,"11,395.31",1,4615.384615,
0xd646cb16b49580e00f24cae4d025a579a2eeb3cb,"11,343.76",1,4615.384615,
0xfb4ea5b65e726d0bcb7a3e90bbdf658fa7bd2b32,"11,181.92",1,4615.384615,
0x09361a70c484a9bf0adce4673427d3fe0b07514f,"11,181.01",1,4615.384615,
0x6b720639253cd62b41045fbe5493833f20e18541,"11,134.88",1,4615.384615,
0xb91074ec58fcfd7ee222c36a5bcaefc5958e9191,"11,068.72",1,4615.384615,
0xd8ebf1c110d3c9ad6197a4c7a7d6e5f50f2b43cb,"11,041.15",1,4615.384615,
0xf1f6bef88c513f6e6246e4c89c41e3784fd315f6,"11,034.27",1,4615.384615,
0x37332b10fd3056a9a52d2208f5fa9b71bd77cc21,"11,009.45",1,4615.384615,
0xe19698f3e7b0b98c30c415e05098226472fc7632,"11,002.71",1,4615.384615,
0xdc9279c2a8d7b2cad813949262087fe6bbefd708,"10,981.02",1,4615.384615,
0x766c1b0c54e2361df54b395778ee650cb5cbc030,"10,963.82",1,4615.384615,
0x7aec49cb2e8e41f7b92f97379945a84802ee1f4f,"10,928.74",1,4615.384615,
0xaa6f6b9b19e52568231ecece1b99b31ecb0c4b22,"10,892.50",1,4615.384615,
0xf4aee163db3eb4725e6ef64d6729cd2b39132ddd,"10,849.91",1,4615.384615,
0xe9c30ac3649246584d60c765595f1d23a3442bbd,"10,799.43",1,4615.384615,
0xbb09672f652fefb8aec4943149689113246e561a,"10,751.66",1,4615.384615,
0x8508d6b4a0181cb37e590817ead0c5d507a2babb,"10,627.82",1,4615.384615,
0x66912192fb99d8d056a6d56f182e3d1f1a7a0559,"10,515.04",1,4615.384615,
0xd3b09cb9d5b32669f7687f6004ab279d52f7f34b,"10,504.53",1,4615.384615,
0xcdaf90d67f3b6b0499f6455c1dc2a795c3efff81,"10,497.92",1,4615.384615,
0x1e096805b5ed0ac5595c5b020eee50a176906125,"10,497.88",1,4615.384615,
0xcedd0bbda24292d7cd0e1141e2522a1d392b90ab,"10,453.69",1,4615.384615,
0xa42647baf842cd6c5f3719f1a86d9cae71fb8929,"10,408.10",1,4615.384615,
0x49dbc4e309612788eb84bdf4ade6c3b04a7b83ef,"10,339.52",1,4615.384615,
0x2cc05ee74ee0fe6d50503e581e049a4b5240fc2b,"10,306.49",1,4615.384615,
0x4807960725e2dc5204c64c32ab655eff7f70c3e0,"10,275.57",1,4615.384615,
0x074b9e8abb64ebadfd66d33f27ec4daa9f244adc,"10,242.64",1,4615.384615,
0x3c0467c71d788961091af20153c1b924759e7056,"10,221.96",1,4615.384615,
0x46497de44028d4e56639615cc4142ee8f8c4454c,"10,161.95",1,4615.384615,
0x0e26e750fe88ba9a2bc123373000f74bea5219a0,"10,150.72",1,4615.384615,
0xd3ddda0ee51bd7f616add19a0494d7c45b901dba,"10,120.74",1,4615.384615,
0xf89dfc8d07c4a1113424881c03fe6f3a48d7aa89,"10,106.28",1,4615.384615,
0x1b6b1f2fe36daad6545ed8f741839c3674428809,"10,086.53",1,4615.384615,
0x1d83958808f7970380af9c6b8daff6831c75e099,"10,081.53",1,4615.384615,
0xca5f3665f27baa0967c055db45713dab1be1c23d,"10,057.31",1,4615.384615,
0x5d4300cb563a9795380f36654b8132bd4e901bac,"10,055.49",1,4615.384615,
0x2c8a48ab61b0f5c6d645ae5b197a658f50c3c4ed,"10,013.88",1,4615.384615,
0xe4728a065afe20e4eb9ff9f85a93e487ea22822e,"10,004.69",1,4615.384615,
0x31536bde3df5b067081940a67484f36317427466,"9,998.20",1,4615.384615,
0x29e9d9bb916c943db9b5e33d7ad4985371e1376a,"9,981.17",1,4615.384615,
0x152028329fd4b54b5ed0360eabddbee9cee092ce,"9,909.38",1,4615.384615,
0x90527768a4a8c1c4adda3a3c38da87219ad23e19,"9,859.20",1,4615.384615,
0x77901688cfe699710835932c3efc0054f824e527,"9,843.31",1,4615.384615,
0xb9cd07258668a5ccb987bfbaf2233f6a7e251c64,"9,843.12",1,4615.384615,
0xbe37dc6b3f941c5da99e39425c35f9000c5c37a8,"9,838.77",1,4615.384615,
0xa9af6a86d1d22abeb85ffc06f02ab962e75b6b89,"9,806.16",1,4615.384615,
0xa08b6ffea834ff56d528a890126426b20c1ab639,"9,785.13",1,4615.384615,
0x8bb3679b441098a3c1878914afd4034eee88b747,"9,773.67",1,4615.384615,
0xa68319606dbc571273a7a341151d628c393107bd,"9,700.00",1,4615.384615,
0x77a0256d29dcaa5b23612bd92db8c555a643fd0c,"9,700.00",1,4615.384615,
0x62ea38c04276953263e1d47851a39c013efb5c5b,"9,695.19",1,4615.384615,
0xacd7b4f134b395e9d5cc016dd166b17cc756cd0e,"9,687.80",1,4615.384615,
0x67ffd350543c9a0aaec794bb7888efe89e098721,"9,678.64",1,4615.384615,
0x02d1cf57a0f70a1593798ca84de9abbb7586364e,"9,616.29",1,4615.384615,
0x8ea6be36261f662913f1cf1789d182996d58c3a0,"9,578.76",1,4615.384615,
0xd427d503a05fb0e6b2ee74037eefc1e5d8d29c40,"9,527.51",1,4615.384615,
0x0c75e77d4c6564099eba2c03a3e4d02ced216866,"9,345.80",1,4615.384615,
0xbf48427ccf24489ff97077be470d38760447468f,"9,337.45",1,4615.384615,
0x53e0eda403691a69d050705c887b167bb47f31a5,"9,260.87",1,4615.384615,
0x521c38ca39799a89a4a2c3319720801158031d2d,"9,222.69",1,4615.384615,
0xd60d93ccd511df0d0717a4565a5bcf54893d0cf4,"9,184.19",1,4615.384615,
0x9e790baf70de84130d0db66f4c3532e7f69a66a8,"9,164.79",1,4615.384615,
0xddb8dcb867af35efd7bc7ea4da1cb260a7826ce1,"9,129.18",1,4615.384615,
0x0cca8507cb19a868a8f6e55dbe69ec9986c2491e,"9,111.43",1,4615.384615,
0xae592f671b15d30c8796ef49fbc02506d1f8df5e,"9,082.66",1,4615.384615,
0xa8df25c1a2425c8dfa00cff6ab7c894fcd47974c,"9,043.00",1,4615.384615,
0xebca9ef195e7a3caa35d1c7dc5de32380b0d986a,"9,032.32",1,4615.384615,
0xc17f468d80d6abb6fea1a03bd2d817f5f8b50b2c,"9,016.16",1,4615.384615,
0xbc9cfc2b994105f9d661b4b763b9e25af45b4091,"8,958.27",1,4615.384615,
0xec9dca52ef8087a8abc0d6ace3c0a3678137bc2c,"8,771.27",1,4615.384615,
0x9d807058d29bc9ae1736e6df649d44a5989d830a,"8,759.83",1,4615.384615,
0xaf5a9f1818828c4d584bd270d3b0e0c0ce8c0022,"8,743.49",1,4615.384615,
0x6b1f19ca94bca9002d9475850cded59ff35ba6c9,"8,691.99",1,4615.384615,
0x34649e963bc5c93c47568c4a31837b6474f965ed,"8,688.05",1,4615.384615,
0xb82e5027a87709ee00296ff70bf5b2e9c8b58c84,"8,651.86",1,4615.384615,
0x020b93583003e88f05e8c598d08640772e1b5819,"8,648.52",1,4615.384615,
0x476eed457fb49d9a2dd6189f54d669cd60ed29d9,"8,576.30",1,4615.384615,
0xcffc86dbd2ee8d54fe8538da9afde959ea0e9aaf,"8,532.16",1,4615.384615,
0xc60d6e8a56ece40804a21b8f45afaee82ea91eb6,"8,466.21",1,4615.384615,
0x6beda786d92a2cef3e734a812c31becc8635befd,"8,351.70",1,4615.384615,
0xb67b7f4732203ab65027eaf36f93cfbd48c3a74a,"8,327.47",1,4615.384615,
0x0c7855bd36d7f62329397ce6db95c0e494db02f7,"8,313.53",1,4615.384615,
0x3915313fad074a0909626418415b4b46300c1bc7,"8,297.97",1,4615.384615,
0x0ab02d0fdda69efbdf302ab94c28dad1cb5956d8,"8,280.32",1,4615.384615,
0xe8aad7ea6ec49db98655690f2d9f7500f3cf49b7,"8,257.61",1,4615.384615,
0x50b684948ae030ac5bb3a205574b68699886d0ea,"8,245.00",1,4615.384615,
0xd31edabec4b6fe07f963c1ea14465cf0635eb612,"8,243.47",1,4615.384615,
0x8be93a41d0213285c454eff3b627cc13e32b08c9,"8,207.68",1,4615.384615,
0xb6d3c464f2162e0f60e745b6bcc7dea5dc637c64,"8,202.79",1,4615.384615,
0xcf4fbd4827046e81edc21084300b6c5ca013c9dd,"8,137.65",1,4615.384615,
0x8858c63667bf9fa86ac54c9cc119a650fcb1c094,"8,057.22",1,4615.384615,
0xeb2629a2734e272bcc07bda959863f316f4bd4cf,"8,037.37",1,4615.384615,
0x9202082c4f32971315e199c235130ad528042b23,"8,035.01",1,4615.384615,
0xecc14bfa15b3f99340e0c9871d76b5cfe9b2bbfd,"8,007.16",1,4615.384615,
0x487718e7cb24e13e2fcc1c5f6e1f641bbd94545a,"8,000.02",1,4615.384615,
0x61815fb19634661a80e0f1a9c8bc5b6cb3eab20b,"7,987.81",1,4615.384615,
0x872f5dd898e5c8b01d17a4a8a9205b88c3dc5fbc,"7,972.00",1,4615.384615,
0x0761eac65003d984d27d7d9457a5ea927a434d0d,"7,960.33",1,4615.384615,
0x19a262abf70a1ebe8abb4229a185009edbec65d5,"7,927.03",1,4615.384615,
0x4b411bc3266a1e9976432ca2d6dc40f2ba18c87e,"7,902.91",1,4615.384615,
0xd43bba96d666ffcbeee8ed28382c88e7907b9830,"7,839.01",1,4615.384615,
0x8840320aab84d069fee6f139c7b150730c1081e0,"7,815.41",1,4615.384615,
0x891c58b9a3a2eeda35bd48cde3bd5ec5bc8f7594,"7,781.80",1,4615.384615,
0x31e1b5b48fe4b62a5f2d6ebe033c7ec12d071767,"7,777.93",1,4615.384615,
0x125f230214f37dd59dd77566136844181e6648d7,"7,762.29",1,4615.384615,
0xdaf216df37f87a5453f03fdfabad2d7dfe501662,"7,717.09",1,4615.384615,
0x6642ffdc7826a0d92449262c63857762ffb9202b,"7,710.19",1,4615.384615,
0xbb5279071b6e3a11f381c02f841075133aa5bf9f,"7,709.38",1,4615.384615,
0x5110d388a252fabddf5feec1718164308607700c,"7,655.02",1,4615.384615,
0xadc3381663cab5dff1c4f041e5fbb2e3fdcddf64,"7,645.44",1,4615.384615,
0x8dc86b4ef04fb4175ea9c89ba9e2a9a47e3b8646,"7,574.64",1,4615.384615,
0x8fdd879951e2b9706e0ca659d657eb7053001898,"7,568.21",1,4615.384615,
0x1e630928d5bc3cb941f167054ff2d61e78ad557e,"7,553.86",1,4615.384615,
0xa81e8e93ac001078b063b76f95f0557f2f33c71b,"7,536.39",1,4615.384615,
0x75e17d28b1c4d56c558226729154238bfa492c19,"7,525.11",1,4615.384615,
0xb134925525234a887fca60b59ad564ea6e8baf3b,"7,521.38",1,4615.384615,
0x7fcfc082071ca383dd30e11858b484370eb78a87,"7,469.04",1,4615.384615,
0xa9aba990d6b99d2c02049611e5999830e0f5b721,"7,469.00",1,4615.384615,
0x3815ebe693fa52cef699ae389fa7b3162205b286,"7,443.24",1,4615.384615,
0xecfedf69ff487c0a673684af6161b5737ab83daf,"7,430.89",1,4615.384615,
0xa48fdc8364dc53eafe605764e2e09204d9d042d0,"7,320.59",1,4615.384615,
0xe9d6ec1fd61157e4c936809e5cd5f3403fc5a16d,"7,310.60",1,4615.384615,
0x2d3a4e0b8f6b65d3b1f40ab281f40c4ed4fb488f,"7,285.97",1,4615.384615,
0x131729c7da3695b5992822a644229ffe5d8cc6bf,"7,264.51",1,4615.384615,
0xffa3ad5c750aefdd215a05ad58d43d2f2c32cac7,"7,191.75",1,4615.384615,
0xd4fc60b48bdda231a6307607b66622f707dbbcb1,"7,049.92",1,4615.384615,
0xcacf077451368ea057ec6991d0688f89241b0baf,"7,034.79",1,4615.384615,
0x078b2c64b8d618fba8363b234a98d48b9dc2a154,"7,004.56",1,4615.384615,
0x067cd6167badf67f54e6fe6716513f5ea8323922,"6,981.99",1,4615.384615,
0x4588247d6750eb6a18082e187d318b822401b83c,"6,851.69",1,4615.384615,
0xc9c5874e2396fccd4cc18fb496e5a3897cb341ff,"6,847.36",1,4615.384615,
0x869fa090d40ba4336c7a846738205ea4ca86c99a,"6,801.03",1,4615.384615,
0x7fcb8c6dab3b6baf66f9e1833340dbef7601d5ed,"6,782.68",1,4615.384615,
0x80147f193be25896211aee17b3a9d3d3f43f95cd,"6,759.71",1,4615.384615,
0xf0f58291631909c1acced1cb7bce2d330689ac41,"6,757.69",1,4615.384615,
0x82dbba3542901e7b1462fd0e5eb1848c8290145d,"6,713.01",1,4615.384615,
0xba9ae2a9e2cc8b1d4feb76f170eb62c8bdc5ad19,"6,649.64",1,4615.384615,
0xaaad2a743766dac862eab81c5a4ca1ebe5db21f2,"6,649.64",1,4615.384615,
0xfd81297c9ee089be2745bc5b87626c9768b8f344,"6,633.78",1,4615.384615,
0x5f2eed23d8ce9d350f5bce571be68bacafd61123,"6,561.11",1,4615.384615,
0x5a32531e67fca6f06e20feb48e49991c8e679243,"6,555.98",1,4615.384615,
0xf29f8cf33ee7fed97adcdfb62148b5852cd2e6a3,"6,516.84",1,4615.384615,
0x588e153c6a0913b160c7c6d64b861bec59862734,"6,480.92",1,4615.384615,
0x5ca366097052f628000c5b6b1ce0e825feb961b1,"6,457.08",1,4615.384615,
0x128ef160b7d569d458c708eca23b8a24ca6e622d,"6,402.70",1,4615.384615,
0xc9594aca3d34f3a1aaf3a8a200c7f44b4b5f19c5,"6,394.91",1,4615.384615,
0x43712ccd50030f99f2cc839b1db3f2785c3c4f14,"6,381.16",1,4615.384615,
0x4b4c8c8be41f5474a20e43371625bdca9fd48f63,"6,350.09",1,4615.384615,
0xb834578d2f03967c35a58685ec75439b5b86e1c7,"6,297.38",1,4615.384615,
0x094730f2828dbd984bac57cd3e6244de84488198,"6,291.96",1,4615.384615,
0xb5e76ad44a67539c4b8a3f84cdc064fc3086508f,"6,275.55",1,4615.384615,
0xb1e0decf28f0c01232392a6799193929873ebc21,"6,275.44",1,4615.384615,
0x983a1f7ada6267f09508f547628030d5f6010452,"6,250.05",1,4615.384615,
0xa062264883caf70259a05ef046381d53136c5cd1,"6,235.41",1,4615.384615,
0x74d11601e301b2b565119a4b36b56ed603e2d97e,"6,226.39",1,4615.384615,
0xe7a292a15fb80a8476d60dbab0ed99a1d20f3311,"6,223.80",1,4615.384615,
0xef3e1133bc5210eef2217c44c982e3259ecb7143,"6,129.44",1,4615.384615,
0xacc03a8b655fc3d0ed1a9de5211dab6eb9313aac,"6,124.82",1,4615.384615,
0x33bf235d99c8cbcffe0eae8620271eecf6abe798,"6,066.75",1,4615.384615,
0x4e1f7144839f69cf1709b726f14b4c249219b8cd,"6,051.07",1,4615.384615,
0xe2579c01ea40195db4c8a076bf9143c897d26f08,"6,024.87",1,4615.384615,
0xf577726939a214ba84a55c3627c2d0666e962437,"6,024.22",1,4615.384615,
0xf4a52a43953cf6e9394d9db77c47e9acca346eab,"6,017.63",1,4615.384615,
0x3006e95992719153336d7652ebdebe2adc7b2967,"6,002.16",1,4615.384615,
0x8e1f4cf2d222da2dc7ec568318809d73db335c5c,"5,985.16",1,4615.384615,
0x9b3d25f086c48403e4db52f0a80fd7e0bffcad0e,"5,973.32",1,4615.384615,
0x1f7d67cc06a081a58608318a339af57dbcb1de04,"5,873.90",1,4615.384615,
0x3996e27915fcb280e5aa5f121dea6a2f655284ba,"5,828.98",1,4615.384615,
0xe348a3e1132f61fab665a53e021e7a95ae9604dd,"5,820.35",1,4615.384615,
0x52c5be3ce033fbf39762659d723df9ee175bc74d,"5,735.90",1,4615.384615,
0xb2386e9a142ae045895f28d8f3a0bf6774cc9df2,"5,663.86",1,4615.384615,
0x70b2a2292d16a13178252105fcc1ecfab4e0b485,"5,644.43",1,4615.384615,
0x8bc312fe6b289e95c23c6494dbf305a46f1c2761,"5,637.17",1,4615.384615,
0x1030b17ffa174c8db2ca5657ef2aebcf2d0d6b2c,"5,552.44",1,4615.384615,
0xfcf93e8bf7323d160991ac9411d4c879f6f9226e,"5,550.03",1,4615.384615,
0x10d0a8286400020f15196de26e520ead81ccb305,"5,506.94",1,4615.384615,
0x11c277fd34f4d8ae564f4db2c4ece0d26020e0a1,"5,500.06",1,4615.384615,
0xee1607e4eb023cf41baa9af64f4f9f0065ae3fb6,"5,488.03",1,4615.384615,
0x49a6cb28b56547188b3c4e7c44136acea19ff4e9,"5,480.65",1,4615.384615,
0x3863b4fd1cabb7593de33e67ca5257c9d47c679f,"5,452.16",1,4615.384615,
0x73305f211792ddf1e32d7e5dad8b5f692f65a230,"5,406.94",1,4615.384615,
0x8e2253ab277695ca24074afbc1eb47012c83e62d,"5,401.30",1,4615.384615,
0xa0760860f8cfefae215f1b6a1486dfb93e7bd310,"5,387.04",1,4615.384615,
0x34852a43db330f9d52a81b2fd1ed30f1f084ee15,"5,361.48",1,4615.384615,
0x7c622fe976b51fb76d932b65ae57994410595656,"5,323.44",1,4615.384615,
0x6b9248acbb081b4b0192ab8504ea4502cce83701,"5,304.87",1,4615.384615,
0xc38e663bec58b87a5cb5b5e9baf8a11ed35e0fe9,"5,283.67",1,4615.384615,
0xf00961e326769da5aac5f75c7b3107ab39cb8403,"5,273.72",1,4615.384615,
0x869ab5a527b83b769310584985bcfb5faddc9685,"5,222.02",1,4615.384615,
0x65f83f2c8a932dae6af5efb20f6b38ef07846433,"5,209.39",1,4615.384615,
0x74b174650f82eddfbd0bac9bf1d4f00ab33dbcd4,"5,207.36",1,4615.384615,
0x87e1ca307f5beba03aae5b0eae15cf030a686e39,"5,165.35",1,4615.384615,
0x1a82d00544e390c2fee2f1b7cbc612e42d109bfa,"5,154.15",1,4615.384615,
0x3514f953ae42f2929445f7037b87a9d5e829a14a,"5,130.37",1,4615.384615,
0x18f949b6630579ef595cca0fd772bd5bbed32a73,"5,129.13",1,4615.384615,
0xa4edade797b3c429e07527b46eb0a9f60a4d4b8e,"5,080.62",1,4615.384615,
0x07ff0509640c07f74aca421ca3b0764ab7e5a1ce,"5,054.89",1,4615.384615,
0xde9c8a5a64cbcbb7d384f274c489b6a39adccc35,"5,032.51",1,4615.384615,
0x0862ab8fd6e15bb77ac73b52add19f832c5d6cca,"5,027.08",1,4615.384615,
0xe75e66c742db08a347f021b40330902d7489d360,"5,026.23",1,4615.384615,
0xf971c6dd1467c643820c54cb92cd87c96895b56b,"5,013.06",1,4615.384615,
0x7e3a87237c1043e4eba3a1b7caac8def0a1df3a6,"5,010.27",1,4615.384615,
0x6b70c70795e5909b772ca8e7044fc5640fef1019,"5,000.00",1,4615.384615,
0x43eebf10a511b62ecde4810d8feb084accfd4118,"4,976.73",1,4615.384615,
0xbbc997635e2239aae9b516cfbf1e76eed20fe44f,"4,947.00",1,4615.384615,
0x235fdd9fddb2b7f933bd471dfab08497b12e61bd,"4,942.50",1,4615.384615,
0xbee2946277642d9ecaab502472dccd6e5ada825d,"4,898.89",1,4615.384615,
0xbba9b9346e8c4207a2f73a6c5b0ddc1a2cd27c1c,"4,859.70",1,4615.384615,
0x9c6f50afe055e6b6c5969429d937df63bfc6f8dd,"4,850.66",1,4615.384615,
0x2e12d5289d980011711481d8647983fd0938982b,"4,850.00",1,4615.384615,
0xceac3de1bbeb21baa08af6a1b9befdd4e143b799,"4,850.00",1,4615.384615,
0x8908ec2811bf706924a007be9c4ed98f490441f6,"4,850.00",1,4615.384615,
0xcbf2f3a485da9174854cb6b401be35ca51031ac4,"4,798.82",1,4615.384615,
0xf2c6d298a32930fbfa6ccbef8c08c06ab6da3b55,"4,785.09",1,4615.384615,
0xe7067e4e7e2ac03897f250d0c9ece4478e3eeb1a,"4,665.07",1,4615.384615,
0x9c4b82734008662a409f2ba6ad38ef14644a6932,"4,656.34",1,4615.384615,
0x452dcdf45fcf5fe123f85dbc2c7f248d5fb93aa7,"4,642.58",1,4615.384615,
0x75098f2630b535b02320d0dcdcf633ff590087e9,"4,626.43",1,4615.384615,
0x9ffbb123425f7b1a92916d747be777d74489c113,"4,614.47",1,4615.384615,
0x079a46c22ddfce1809ad7980107fa4d740efeab3,"4,593.14",1,4615.384615,
0xf4b5caf7b66158f612f4db112c1bf5d0ab32198a,"4,592.14",1,4615.384615,
0x2a2b750c989d2ef249900774aa4165cd72af7486,"4,578.29",1,4615.384615,
0x0586ac101312628a13430cbada43b1406c264188,"4,568.58",1,4615.384615,
0xf4ca994f82928d71018a3b77d57ab7ce83bb5cc3,"4,528.05",1,4615.384615,
0x16534d74cbec193a1708cb9d412a3e042994822e,"4,516.97",1,4615.384615,
0xb0e69b10a6235939fc239adb76ac518d7e5d61fa,"4,403.85",1,4615.384615,
0x04589d4daf1b07ea66cfb9adb9e0b6b19a911896,"4,371.38",1,4615.384615,
0xe76bc504d365acf521c2fdf0c51187768c68cbaf,"4,360.69",1,4615.384615,
0x44250b87cab3f20aa8cc80215c63488dd5af8a17,"4,288.99",1,4615.384615,
0x9517cdb1fee5817bbd9442d473716da10dfbb582,"4,287.93",1,4615.384615,
0x4b00696f4e6f8eaa276688a43d3162e80d6effe6,"4,264.43",1,4615.384615,
0x80e2ebff823142f6664d4ec4b26613c1fabea7db,"4,254.97",1,4615.384615,
0x9d2b936bcc4fd9723f904b920b2d68cef6063133,"4,252.69",1,4615.384615,
0x574d70453f81de2cb333d767bb9d9e930172af45,"4,247.82",1,4615.384615,
0x9ae6b341f0f0171a5a400e6c8e3b605ec64e4180,"4,194.41",1,4615.384615,
0x53c28014b894db6508d7e77fc5957b9b7abbc561,"4,135.39",1,4615.384615,
0x9c1c9433cde8dd5fcc3429cccbc146fa0110419f,"4,130.39",1,4615.384615,
0x3b4f46af1a9489172261d8b86ad4f2de877d7f5a,"4,127.28",1,4615.384615,
0x29a9f1826ec8d99270c1f58e7340383157e927c3,"4,094.29",1,4615.384615,
0x6548a3f202f5299580a3e11c84b26e0a5265bb4c,"4,078.88",1,4615.384615,
0xcf1793beaf447e79ad0b00088bdfb68ff5575ce5,"4,032.63",1,4615.384615,
0xa92c074de1351c84bc4c1fd613d85af5a08c5480,"4,030.41",1,4615.384615,
0x4a4993dc61cab792641ad3e09317270a00d3dc43,"4,008.38",1,4615.384615,
0xfcbc9b988d21ee154da7b3e26d82fc5f0aa5f0ac,"4,007.64",1,4615.384615,
0xfa486328f7d6d931227caeda28d354091c66df08,"4,001.18",1,4615.384615,
0x666b5510a2da4512da701d4939879229ebbf2e27,"3,994.31",1,4615.384615,
0xd60148a8727dc56123687a8e6f97f01544bba48b,"3,988.86",1,4615.384615,
0x725b3c8fbdb338e46289fea24e26a6fe60acda3e,"3,983.92",1,4615.384615,
0xead0e67c5ad21b559596e1756a924ac32ee6f507,"3,977.00",1,4615.384615,
0x901cb4ad99cdf98207fb752b47482cdf04fb4a08,"3,961.13",1,4615.384615,
0xa0561278a9f2d881a1a8b7ce170f4bf4515cffba,"3,955.15",1,4615.384615,
0x003eee7763c6bfdf8d96d3a72a2c3cd4b74674e8,"3,928.07",1,4615.384615,
0x65319604a8bff7ca3618d558c84d445f524cd395,"3,920.20",1,4615.384615,
0xa9bf46aaf54a9e365d4b47010072b70f44f58c51,"3,895.85",1,4615.384615,
0x94c40be945536faa698548f2175ba5565b77cc23,"3,855.76",1,4615.384615,
0xcdafe2ff716e8cd33124039d16c66bbada09a301,"3,852.41",1,4615.384615,
0xcc03658929f17508bc770ebb0da7aedd06533772,"3,844.17",1,4615.384615,
0x7ab7736d75f185eb3d09592e9ae8bbdd789d2c42,"3,827.88",1,4615.384615,
0x4b0312cfdf617b6236409d6c903fac910e50a797,"3,817.84",1,4615.384615,
0xadf0d15dcf0597c636a78263eee3f44b8fb9755e,"3,731.34",1,4615.384615,
0xd92fd1790913a9d8a957f6f6496e8a8461b79b28,"3,723.45",1,4615.384615,
0x5c0e310a6b56a83bd9416f2158653475db22e28a,"3,720.22",1,4615.384615,
0xf6138c2c60e9a4357e58fec54f754d3a0350ebcd,"3,664.47",1,4615.384615,
0x6493e5ea6932ba323ad9d10359f20e86bd87037d,"3,660.81",1,4615.384615,
0xe660ab2831d66639343c4b77fabaf59b043536ab,"3,649.67",1,4615.384615,
0xb4518020aedd915420290d4175a620fc9314b6ab,"3,646.10",1,4615.384615,
0x683afe03a6eb27bce2992ab0e0d839ac1d60d554,"3,644.07",1,4615.384615,
0x7db9370d17c0ccc2a023a4c8ec800ca7f691f691,"3,629.46",1,4615.384615,
0xe9aafabff8220006778478eddf47d538ce41a7af,"3,627.76",1,4615.384615,
0xdf0a8ac484a57410a50009ae5c9cccab853be9f2,"3,622.93",1,4615.384615,
0xd88552b5ef59944f174471f9121862a0c73c08b6,"3,612.28",1,4615.384615,
0x856398e2952eae4e33efcdbc5f7b59c3041c543d,"3,612.28",1,4615.384615,
0xf716842645388ca236b1d56cadc02c21db7810a0,"3,612.28",1,4615.384615,
0x68416385fcf5ede299d73d5fe89fbdd78e614973,"3,612.28",1,4615.384615,
0x671ab876f4084ee91602c7556265809f3dad803b,"3,587.97",1,4615.384615,
0xe2ae9e281b3a5bb57f7481e1b83f5a3a7897a6ab,"3,574.37",1,4615.384615,
0xfe3566a30159e082f40232c5dbd3a6919322ffd1,"3,564.10",1,4615.384615,
0x4cccf33b1c99bbf43b9eb89f1055b8f08d875dab,"3,555.24",1,4615.384615,
0x09d21bc60a4c36ff5c2c952fd69b751bdb26aeb3,"3,522.83",1,4615.384615,
0x9dd34b35433b583ec19d3465f96d1bf9bf1b896e,"3,435.46",1,4615.384615,
0xf199b23dc5919b6828615e4e4ff992e6ff386128,"3,427.00",1,4615.384615,
0x0e28c49dc087ebdbac04d5536c022a013a495364,"3,397.13",1,4615.384615,
0x1d5903a3a470b5de86687df7e440c1e32c746560,"3,395.68",1,4615.384615,
0xb406478558a8cd0f3f7af9e1e6258dff722e8cd4,"3,374.38",1,4615.384615,
0xc1038049c5b90d1b6236c8b553041ee3879bb6f9,"3,374.04",1,4615.384615,
0x4675f44edf7ca05e6bbbb158c6b80f03dd3dccfa,"3,372.36",1,4615.384615,
0xcec305d90121e64ecaa286e6abdc66ae8e70c566,"3,311.31",1,4615.384615,
0x67b35231ebe7946ee5b1b36064d2537e0963900d,"3,305.53",1,4615.384615,
0xb757c8754e2997a5ef8472506a8e9adef6714f2b,"3,300.45",1,4615.384615,
0x75d9782566c0db2005e043d3f14e8fa02c52bbba,"3,298.25",1,4615.384615,
0x72a707209e4c31556ebd57f242c0e1461c974910,"3,297.82",1,4615.384615,
0xf29d3fd5974b920b9a593197f1c8fb68a1401b96,"3,290.07",1,4615.384615,
0xb71519e4e211085da92332f603638be216a644dd,"3,272.10",1,4615.384615,
0xfde2a52117afbe5fd438c202bcc4cb8d5ccb9971,"3,244.56",1,4615.384615,
0x32eca4059082bc27dc4119d9646e98f3f826a485,"3,230.39",1,4615.384615,
0x1fc851ad372d6dfc6b1475c5049205c09c28f4b0,"3,228.13",1,4615.384615,
0x16722b2e0d68ec1c34bd0001551099610431d016,"3,224.33",1,4615.384615,
0x37c7f50d31578da8299025c4a9d0d7b593fdff5e,"3,207.55",1,4615.384615,
0xcffb4e7fc78616227a0f4f11301770723c559e27,"3,166.30",1,4615.384615,
0x6f693c30f29e65e7179e2a1d18e556e2c4083f4a,"3,165.57",1,4615.384615,
0x80ccf3094241263209acb9b8a1c5189a64d153f5,"3,163.76",1,4615.384615,
0x7c9e13f471913b1268d968f049d2a9c545c0c120,"3,143.70",1,4615.384615,
0x47fbf3bc91ab95c59c16a842624ae90220a90217,"3,135.69",1,4615.384615,
0x0511f88a0cb75d61d61b7b4c46866bb63d16ca30,"3,126.90",1,4615.384615,
0x6b89d35bf77cf2861b78c8acf8c58b5c6f9d21c0,"3,124.69",1,4615.384615,
0x0a1cded8e7a0993c4a9e646f1d7e377089697e9f,"3,118.80",1,4615.384615,
0x1069ea8f8ac059203f5b6ab5b114f17c98ef978c,"3,118.78",1,4615.384615,
0x85a07b9d577a0544c434190712449a8198f0c6b0,"3,076.43",1,4615.384615,
0x0aac44ece6878864e58460711188faf71ba5eaef,"3,057.27",1,4615.384615,
0x73b7a413c649d3b21aefb1dabe88256c239f9a90,"3,055.38",1,4615.384615,
0x98b3571ce3ffbca72853f201f9018bc3197e31ba,"3,053.58",1,4615.384615,
0x78e4452db5a25600cf9b83dde993775f0a700450,"3,040.49",1,4615.384615,
0x1f29ddce4826e92e9c5fe96ae14bdba06372d908,"3,000.00",1,4615.384615,
0x0083c85a6848d0ef038a61a8b69e76c751ff2c31,"2,986.47",1,4615.384615,
0x8c3d175e9a64c5edbdf8ca454367ff147dcd58c7,"2,957.53",1,4615.384615,
0x1b873ac2e6b0df382134f88577be4c03b4188904,"2,938.28",0,4615.384615,
0xe416aee68edce24488dc9aa43bdc6760c5690218,"2,923.13",0,4615.384615,
0xb8b4e1a8750c24f13e10c361e7b811d0fba9b83f,"2,912.47",0,4615.384615,
0x46a3fdff5aa10ee311b472e9ed27d692d126a5fd,"2,895.14",0,4615.384615,
0x671d51e8d347d770db46c241c5f5a08387400a20,"2,881.26",0,4615.384615,
0x88b6c5fc9e48f319853324d2baaa884409b204a8,"2,875.28",0,4615.384615,
0x642c2f6b7e82750f3668595f26b1db9e98354a66,"2,863.15",0,4615.384615,
0xf06983705024a0d755c3780c3d2d4d9d653cc2bd,"2,860.45",0,4615.384615,
0x9a83839d4acd14a8e360ac85d344c86a6ed3c377,"2,859.00",0,4615.384615,
0x7c4031c0b6be4a48ecd15138eeb4be24aba956aa,"2,854.48",0,4615.384615,
0x45a1f5b5cf075f58f8f8a5c12e540f2c3414f2b8,"2,850.95",0,4615.384615,
0x889ba263fa06158fbdd8a00a9001906925e838ba,"2,848.03",0,4615.384615,
0x3f7d4f8980abae9683f0fc96a579cca3719b73cb,"2,828.87",0,4615.384615,
0x1b780f882f2f1bd26a924218d6837a0688d9ec04,"2,813.90",0,4615.384615,
0x1ad19c236d9a460e19da9264de8f0bccd76492ee,"2,773.04",0,4615.384615,
0x17576a210f111f4a495072109dc243b527fbaaad,"2,733.07",0,4615.384615,
0x92cfa11ab5282a5fb8f8b464c44c5671f0aeff0a,"2,720.51",0,4615.384615,
0xaeea0940b7a2ad9265e322455eadc5b52688a341,"2,695.41",0,4615.384615,
0xc19ea2393f2e9ec54c793fc732aad1776ab3bc85,"2,637.97",0,4615.384615,
0xabcd1be5c3e448d3e797203a8e8ba55837dc827a,"2,635.23",0,4615.384615,
0xf9ffabc4219321ced9301bf83e11555b5c8206f5,"2,607.41",0,4615.384615,
0x6a5c9b543bb509e9ce2d86eadf5a74a7650afcd2,"2,594.90",0,4615.384615,
0xbaf393ab07637890584548d2c65ca0669431258d,"2,593.93",0,4615.384615,
0xa3f4b6c0efb5235c4b308a67541266f8bb0646e2,"2,567.37",0,4615.384615,
0xcdb4bd9e49f7fa70c1baac91ca8fffea1d625ce7,"2,547.74",0,4615.384615,
0xb0cdd4efde1fe7152079f82cf5ef6eee71f656f6,"2,545.66",0,4615.384615,
0xf9248fcbdb7514af6c3bfcd7996dccaa6096f65d,"2,539.02",0,4615.384615,
0x2e10d42f9d1a11adaeaf48711213a9a219526157,"2,517.66",0,4615.384615,
0x9f45f429a8655e94522aa47f58fd61ab9ff59be8,"2,516.44",0,4615.384615,
0xba019e932e88839bc053a09e2e9f8e73d620b82a,"2,495.89",0,4615.384615,
0x8d49cf3a05ab5a8bb8dddc1ba94583e7687b426e,"2,458.02",0,4615.384615,
0x55f8d8460326ac005d2fa80c65876293d764784f,"2,455.74",0,4615.384615,
0xc166c43380952e560d7f439388d909cdf58796bb,"2,452.63",0,4615.384615,
0x4bd4c02067dc21e06e832ed2d3d69e0e649a6926,"2,451.31",0,4615.384615,
0x76e8168e026fea8267b3c3b2014eb9319eea8472,"2,444.92",0,4615.384615,
0x41674df49c1f263dde457bea8411ff0a17a94837,"2,429.21",0,4615.384615,
0x72083a3d799e5e082193882401b0dac700813469,"2,425.04",0,4615.384615,
0xa52741fd9936c1c7f1a72c526054b63e2a667783,"2,425.00",0,4615.384615,
0xfe48521c5fb73fd1d3b469a25ebc9c9d633f473f,"2,425.00",0,4615.384615,
0x7d91086db44683bce781a5acc83935dea3cde016,"2,418.95",0,4615.384615,
0x695e533a16308e71e2420c99f9442921e14c4d0f,"2,415.63",0,4615.384615,
0x0f0cea80102fda6236d47977844ea56cc6d7e2d9,"2,379.19",0,4615.384615,
0xe25487175d2bb9f0f26d241de1559dd0ae8f5723,"2,369.92",0,4615.384615,
0x3325b22b969c590fd57c60083667229080420388,"2,345.38",0,4615.384615,
0xc78a697c75e9c9c595cd2c298d484654ee59650a,"2,331.40",0,4615.384615,
0xcd70fa38146e11a300cd74b1279994c16292b8e4,"2,285.17",0,4615.384615,
0x3c4ceee4edee2a89f26a226a0f234aa672a8a4ff,"2,192.20",0,4615.384615,
0xf595095232e2efff5dc7102c6aede4cc51272e64,"2,173.54",0,4615.384615,
0x06c663a78c8c8e4f21e62c23197fdc71b3ecddf5,"2,157.95",0,4615.384615,
0x260362e5c91f7ba832c4b322eb51cbc501095cef,"2,156.78",0,4615.384615,
0xe74b63c2d9815ffa1e012f48e4b9442c1ce91e21,"2,136.59",0,4615.384615,
0x8c3c6dbd7c9a6e1cf9600991c29cfa01cbfc8ea4,"2,134.68",0,4615.384615,
0x26b0204febfa61856492315e8861b85b7ff8d781,"2,127.21",0,4615.384615,
0xb2b042ec449a86f05096544558131d21cabd9874,"2,112.52",0,4615.384615,
0x7026afdfbafa8b11acc7b67e62e9b3be5542990a,"2,109.03",0,4615.384615,
0xeeb1e609c1c0e66f84d89d526ed4f5fcfc41c1c5,"2,107.12",0,4615.384615,
0xe422ff790065e39ff18c77e578df4c4ddf709861,"2,088.68",0,4615.384615,
0x537030b9293b9615ad187185be2a83b40355d3cc,"2,075.81",0,4615.384615,
0x6bfef774c2d8c8edbb57d17a1ff7d3e3219e7b6e,"2,056.98",0,4615.384615,
0xad762f78a8df6c179253c2ae8fae392718f4d362,"2,043.91",0,4615.384615,
0x3e136349a631cf5066dcf2b1a5548de9ca0f2ef2,"2,038.46",0,4615.384615,
0x92fb670d817235ad18753bb3a3eeba5f37dd37b9,"2,018.99",0,4615.384615,
0x3357762f146a004bcc2c987e8d76a286f4937c1a,"2,017.43",0,4615.384615,
0x2ebdb04b4d0311a49c0a3c1263e11489f8c665b8,"2,012.20",0,4615.384615,
0x04b5b54824b060f8f155c88feb02e9dd4f089ecc,"2,000.35",0,4615.384615,
0xf7b765303fda95d28e153ab23cfec028d7fcb5fe,"1,973.90",0,4615.384615,
0xd848c131f73a2bb977baffb995d79a832b666658,"1,971.58",0,4615.384615,
0x6875c6d0366376924e4a04251e7efb528e8cad25,"1,966.35",0,4615.384615,
0xee587bdbd39304d686d04c19b85c85b22f283d8c,"1,955.56",0,4615.384615,
0xecea90ba4c4ba1dc57f3860e2202044443ef1311,"1,950.56",0,4615.384615,
0xed25e92a685b2ba14c3a6914e0ef3a9595bbbfd4,"1,940.13",0,4615.384615,
0x8e5194225ffb187a7fa778cc2a369ffa40459518,"1,940.00",0,4615.384615,
0x85d60c07e70a58d6f3b0dd229ecb5b06556ac8b5,"1,938.42",0,4615.384615,
0x40723465ae65a3b6c689c37112fc1f2b3476aec2,"1,920.00",0,4615.384615,
0x10272c8503df4303de0e73e603712cb7d0bdec88,"1,916.75",0,4615.384615,
0x58d62864de11d0b6f6899b98c1dbb0f87b7e9bdf,"1,907.33",0,4615.384615,
0x7199265a49d4451eb27685245e7e9f736dc3a598,"1,857.96",0,4615.384615,
0x530a799ccbfa22cc7dda4ce4cbfcb6fcfe22f222,"1,843.00",0,4615.384615,
0x8036901d604fa1566c8f6e7e293cc512a50ad5d5,"1,817.42",0,4615.384615,
0x87bab63e5fadd3f9a15d2caa6be9964c0781bb28,"1,811.15",0,4615.384615,
0xc0cb30074827381048c5ee595844e3e245f17877,"1,810.01",0,4615.384615,
0x23af448d0ea133a692bc344d4d30dd79225506d5,"1,805.72",0,4615.384615,
0x9a69e7a31d28e42df1b9d658b2cb7af92e0a5446,"1,794.57",0,4615.384615,
0xe0ffa0f9f434e49614d114a465bd037478f12a1d,"1,770.59",0,4615.384615,
0xecea241f7012b7d30042b57746fce8d978e697d5,"1,754.66",0,4615.384615,
0xa41744e2bc966ac1d7ed94a956b3f3c94d3c5adc,"1,728.24",0,4615.384615,
0xf7db0f40c9be6a3e9defa03e083c0caae77a21f8,"1,721.80",0,4615.384615,
0xf607470824919d2ac6691e877ee990d0da92f5ac,"1,719.89",0,4615.384615,
0x255d9f8a60ee47c5df6e5e08b0b6f6c195d258b0,"1,717.34",0,4615.384615,
0x23719fb51dffbb50f6c999ea99b13891c2979696,"1,675.17",0,4615.384615,
0xfd1a761c8d1baab0e3521d1799752f181d6b5e5a,"1,662.82",0,4615.384615,
0x8215d2d1e2a14f8bfdf08e676068994eb025f1e6,"1,622.69",0,4615.384615,
0x4393194fc23eac541e4ea588ffa98588c81fef62,"1,606.26",0,4615.384615,
0x31527e48e2673a89b74d5d8e5be154a38a98cab8,"1,605.68",0,4615.384615,
0xffdd73db0e430bdfb832016fd5066b2420ce84a0,"1,507.34",0,4615.384615,
0xbdacf41323ed9fdb3af902ad2d9e38c20f002360,"1,492.80",0,4615.384615,
0xb8332a61866db6a2463dc3654955a4438b063f7f,"1,492.29",0,4615.384615,
0x9cdf4ab2745dc71fbbfc3aca21c474c89f0fc42a,"1,491.79",0,4615.384615,
0xd6f0bb3c74188b1cede14c916ffb5836fe43bf67,"1,473.72",0,4615.384615,
0x257add37fb8df0d6ed37670d116d9f5703a20225,"1,463.34",0,4615.384615,
0x55540514b6c637ccb077d14fac7035ca408cedbc,"1,451.21",0,4615.384615,
0xfc655859ec036abe9dbd7d256d2d7e286c4cf245,"1,440.00",0,4615.384615,
0xe8053088ded2c8d4e4a6b005b40b7b038e47df26,"1,423.39",0,4615.384615,
0x289659df322c889809f0739a061003abdc833e13,"1,402.34",0,4615.384615,
0xc816da8d7ecd8875889524f9d963763e7683570f,"1,344.18",0,4615.384615,
0xdc7b8e10cadb1ba3543c4b4b56bd9c677e101844,"1,327.57",0,4615.384615,
0x6764b1f4516ac21b91251cf39bacbdf1c5eb42d0,"1,316.92",0,4615.384615,
0x844bc7691a3c949de90fc3bc412909b98f99b9b4,"1,293.41",0,4615.384615,
0xcc12bc166b6f76d419d1a1730cac89bde6c5ab40,"1,260.08",0,4615.384615,
0x677cd70fe2cac6d7b2f83a24089e88542e6c92e2,"1,243.15",0,4615.384615,
0x3e43c872de9aceb4fb8bb8ddf64d0579f926e39c,"1,192.81",0,4615.384615,
0x4d89819bb7226af40d368de45ba1ef2f093ee8bf,"1,192.79",0,4615.384615,
0x5b5efcbdfdc432ae59613b4d6a9fe7e167a7b028,"1,160.67",0,4615.384615,
0x87a9b41ef7bdbdef23a6fc5fc67641ee5e05c632,"1,121.04",0,4615.384615,
0x212dfa3808ebeff63bf9b9d69aecef559d43978f,"1,106.16",0,4615.384615,
0x9e34c95f181a7a84a5e8df9f29084e1346833747,"1,078.26",0,4615.384615,
0x3fdb4d65127d49ae4d0b4ac0ca0e9d1d79b8a93d,"1,076.58",0,4615.384615,
0xff199e72cb0fb8452b5d35edfcf9b3725b247fe7,"1,067.73",0,4615.384615,
0x252ab0d5147d930baf5d5733ce356d7ca1281c46,"1,065.26",0,4615.384615,
0xc990592054f086b6024319a2c70e8fe9b5ff628e,"1,064.03",0,4615.384615,
0xde036f86d20db573b364f5522abe94b6113b606f,"1,056.70",0,4615.384615,
0x164a203b1634c245db7a094df59eefadfa152833,"1,056.23",0,4615.384615,
0x2cbbec15f5cc2d21dff911e8e013c1122a1f99d3,"1,030.45",0,4615.384615,
0xc6e081b654c4dbb12da3c2da6e4b3a9e8300f5e1,"1,000.07",0,4615.384615,
0xb744aaf575e490d0246c786d8938ac964f33dfe9,"1,000.00",0,4615.384615,
0x9d64c1923e2fe0eabf5391f30a5ee42b86c5e892,993.84,0,4615.384615,
0xb827bf44619affefd28d0e82652ae885d4cede64,992.51,0,4615.384615,
0xc5bfd7920cc8152e1c75f35099f01b6d2f32f8a6,991.30,0,4615.384615,
0x2f995a7051161bfd8100024af0a18d67f9bec407,970.00,0,4615.384615,
0xcb4503ed270b0178db6d7689f3dee250cd5a139c,960.00,0,4615.384615,
0xe28a4c48deb365fb5ac6ee2e74d352cd9e60c0b7,950.87,0,4615.384615,
0x33e47855f1d8c062e0d067147ae54fe4ade3c8f4,940.83,0,4615.384615,
0xa2d3aa66a573098e10389334e2cae59d5595fbec,931.91,0,4615.384615,
0xa013cd3f1e1764d0eb7c3960338eb61ef14d7bde,929.59,0,4615.384615,
0x35c15d34e56761422f394dc7e9bfbfabf965e2f0,929.06,0,4615.384615,
0x67d935b88276cd80843c8697119cdd7531a12284,924.51,0,4615.384615,
0xb5cd958fd88149f2c50f739b5e76e46eca704d71,921.99,0,4615.384615,
0x3b3751f3afde8f5d9589dfc4c381295c30d8cefc,906.98,0,4615.384615,
0x283c09e4403de922b29f610159ab73470032a5a2,864.36,0,4615.384615,
0x51b7d2bfef22b014a12a08dde19a5497adc5ff90,834.91,0,4615.384615,
0xff741c991486bd235ecbdae5c2a4f644cdd5553d,832.64,0,4615.384615,
0x533487eee8c6e2d2f90214f4bd60eb906975aa9a,806.88,0,4615.384615,
0x0673a50275b12bc08161fbd881eda1449d4ada56,805.48,0,4615.384615,
0x379a924b1ca4c498a0bd9ae3b30ce0a973ca494a,781.61,0,4615.384615,
0x1bb955b36999bd0d1cb272fcd26a4aea8bf24888,757.61,0,4615.384615,
0xeac6ab84a66e1dc18df197e8b43c209752fffb31,728.11,0,4615.384615,
0xf7bb5c574451b35611593cfed98a4b0507f44ffa,686.77,0,4615.384615,
0xf962e3fa44760b6b874219d75cae9f0cabf82447,654.26,0,4615.384615,
0xb0e510018621863402940f6693b6908e9f1e6a33,605.67,0,4615.384615,
0xdfe0383ea4ead9cf29d704307f5b1bca9fa84d3b,604.31,0,4615.384615,
0x77ca786a63f19d82c5aadbe86ef28a2da9f08479,577.98,0,4615.384615,
0x46310d5a9ae855b4a76093161cbde923e5444932,566.72,0,4615.384615,
0xba5c09efe2b27d6161d3eca619af74e2bae2495e,532.08,0,4615.384615,
0xaa4eb09a80b3bf2cf9b0af503036ee5bc8bd4169,514.03,0,4615.384615,
0x16c255f3a528d3cb5c69b00361ace7995112f6cb,488.66,0,4615.384615,
0x142b88b0d403bd4b09bd4d287a591783ef7e3d35,485.00,0,4615.384615,
0x619ddb20e32f557eddc905dd3c92a7590e1fea9f,485.00,0,4615.384615,
0x0656c9c769ba42a15e7fb0d19c0318e43e033ab8,473.90,0,4615.384615,
0xf920602a12001afc30ecfce1f95ca866e7115838,451.70,0,4615.384615,
0xfe580d3688a9ccfd79da1b16fa34a35d8336fab6,389.80,0,4615.384615,
0x0d6b9137c460b36a4cf2b467bbf68a74413785a0,381.41,0,4615.384615,
0x4f34ea8f615d5f80106ec8d1f77647b95206caed,376.55,0,4615.384615,
0x41de441ef7835174b9b448a354a33e33d76edbba,341.71,0,4615.384615,
0x4d5a04333fdeb6d9854d4c766cb4b8097945b3d4,341.00,0,4615.384615,
0x880a1815e247f982a5ecd6f5335d25b5cf05bb74,335.90,0,4615.384615,
0x9394bb607c3fdeef82efcccc53d65b18a97889ce,335.56,0,4615.384615,
0xdf6242d30358d86f2e1c1da623a976bdb429fb7c,283.39,0,4615.384615,
0x871b50b87ab9ea2e24d945bb545e5edae446c705,278.53,0,4615.384615,
0x046546bf11cccddf01f87703a616385d236722ce,274.45,0,4615.384615,
0x38b46fd063f93304fea85eae1f0df264d0e765b5,261.54,0,4615.384615,
0x9e03d640c198985e5fc864d5a5873622ef046023,250.93,0,4615.384615,
0xba070aa21165336868c63451e28573ea70c74688,246.24,0,4615.384615,
0x82e9a5d07b03f15fbc695690abf7f0567628a07f,242.50,0,4615.384615,
0x4cf47fa013b7edd0f168672344f96fe3df0646e6,168.15,0,4615.384615,
0x00000000500e2fece27a7600435d0c48d64e0c00,145.82,0,4615.384615,
0xb006299edc873f0dcd5b5578d2ba2dfa1041b289,133.41,0,4615.384615,9955384.615
,,,,
,,,,
,,,,
,,,9936923.077,
,,,,
,,,,
,,,,
,,,,
,,,,
,,,,
,,,,
,,,,
,,,,
,,,,
,,,,
,,,,
,,,,
,,,,
,,,,
,,,,
,,,,
,,,,
,,,,
,,,,
,,,,
,,,,
,,,,
,,,,
,,,,
,,,,
,,,,
,,,,
,,,,
,,,,
,,,,
,,,,
,,,,
,,,,
,,,,
,,,,
,,,,
,,,,
,,,,
,,,,
,,,,
,,,,
,,,,
,,,,
,,,,
,,,,
,,,,
,,,,
,,,,
,,,,
,,,,
,,,,
,,,,
,,,,
,,,,
,,,,
,,,,
,,,,
,,,,
,,,,
,,,,
,,,,
,,,,
,,,,
,,,,
,,,,
,,,,
,,,,
,,,,
,,,,
,,,,
,,,,
,,,,
,,,,
,,,,
,,,,
,,,,
,,,,
,,,,
,,,,
,,,,
,,,,
,,,,
,,,,
,,,,
,,,,
,,,,
,,,,
,,,,
,,,,
,,,,
,,,,
,,,,
,,,,
,,,,
,,,,
,,,,
,,,,
,,,,
,,,,
,,,,
,,,,
,,,,
,,,,
,,,,
,,,,
,,,,
,,,,
,,,,
,,,,
,,,,
,,,,
,,,,
,,,,
,,,,
,,,,
,,,,
,,,,
,,,,
,,,,
,,,,
,,,,
,,,,
,,,,
,,,,
,,,,
,,,,
,,,,
,,,,
,,,,
,,,,
,,,,
,,,,
,,,,
,,,,
,,,,
,,,,
,,,,
,,,,
,,,,
,,,,
,,,,
,,,,
,,,,
,,,,
,,,,
,,,,
,,,,
,,,,
,,,,
,,,,
,,,,
,,,,
,,,,
,,,,
,,,,
,,,,
,,,,
,,,,
,,,,
,,,,
,,,,
,,,,
,,,,
,,,,
,,,,
,,,,
,,,,
,,,,
,,,,
,,,,
,,,,
,,,,
,,,,
,,,,
,,,,
,,,,
,,,,
,,,,
,,,,
,,,,
,,,,
,,,,
,,,,
,,,,
,,,,
,,,,
,,,,
,,,,
,,,,
,,,,
,,,,
,,,,
,,,,
,,,,
,,,,
,,,,
,,,,
,,,,
,,,,
,,,,
,,,,
,,,,
,,,,
,,,,
,,,,
,,,,
,,,,
,,,,
,,,,
,,,,
,,,,
,,,,
,,,,
,,,,
,,,,
,,,,
,,,,
HolderAddress,,0,,
,0,,,