addr,amount,pubkey_compressed,pubkey_uncompressed,tx,pubkey_status
0xd2b775f4368170bca47dc285e56e199d74acbf23,10,0x024c837cec039fff36343e00d48d5b0107bb4acb6177267453ce4d0ed8f57eba9e,0x044c837cec039fff36343e00d48d5b0107bb4acb6177267453ce4d0ed8f57eba9ec97d24775680a40be7100bd8e78892fc6aa41543da9befc3381d23feb941633e,0xe0c85dc6b906367dfe45b9875018c130bdaa6d0c1ff815e7c522d5ea1e6195e5,ok
0x9d7d2a1a77350d05d6d8b8e6f38f5cba2db2baa0,5,0x03dc1bec4b0a085fb50eb34a70c66642492264ef05f015e413af7d649e1da513f9,0x04dc1bec4b0a085fb50eb34a70c66642492264ef05f015e413af7d649e1da513f94053283e683d588bcf44d2b39f721cd6458161f78fcd39604f8a7f2701d67f77,0xf351fd2c45d9aca0af055a11dcd174324c6241e89a8baf5acd99cae21bff6591,ok
0x5d3eac418bf8221c456c47a179a003e6d7c35064,3,0x03c791a0ace09e20c4e9c8af7703500d56755e5752bbd35a2666a0d22c0ccb24a3,0x04c791a0ace09e20c4e9c8af7703500d56755e5752bbd35a2666a0d22c0ccb24a3e3460afc22d484f69ea62194ee65bafbd58b395dde7665c9eada9f7bb1ca1de3,0x11cc112c0800e8c8c1461b2c0e1c6c989bf0204417e356b5b8d926ad99e2537c,ok
0x0d1edfb5b0abdf9689077af2cd9780056a14cc54,2,0x0362b7ba7b7d6a5351c270623e060a1df3ecc2633d362facc1ffe8905c7b3c6704,0x0462b7ba7b7d6a5351c270623e060a1df3ecc2633d362facc1ffe8905c7b3c670463fef09d57859b17559723c7a1e2d8c8f6d335943f6bfae35843009b976a8f1d,0x9ae7b2509d62bb12e333ca0f7b3482497110f6392a3ff64ba80ef594b23aee61,ok
0x4795f922cd3cb66019fe5a2007bd752e823536ca,2,0x03bba617b44eff160fa4b7248d7fcab14f35b60468b4db8b4d555e19b7e7014993,0x04bba617b44eff160fa4b7248d7fcab14f35b60468b4db8b4d555e19b7e70149933544125ed1738472f3f02172a1240e2102340d1f8782e70ce0d0f35b40c976eb,0xbcebd775cf5c90a2ef6ee5baa7103f5e2515d3a94d1260056eca175d82a3fa43,ok
0x5c3ea7fdf251ad0774e9d39d462c49a01aad9cec,2,0x02b8a4899a79067e275c6f73c04a4771a3eecff2279b7a13e4dfdc715152ca931f,0x04b8a4899a79067e275c6f73c04a4771a3eecff2279b7a13e4dfdc715152ca931f91c123f0d40880d1eedcac6fc0dbff186dde0dfcf5d759125022c96d26ad2440,0x517fad5298dd4c9bdf60f3637856f1dc8e2ee53a1da0fe11111d112cd7ede7a4,ok
0x98f1b94c3974f6bea3c41758a8df9f2d54de3ac5,2,0x025f690a89df1e0d388055421fa704dd5fe95bdd68742d1b504ecfb98a434c1421,0x045f690a89df1e0d388055421fa704dd5fe95bdd68742d1b504ecfb98a434c1421df5e6d21801a34fdd1254883ed655920b47a7cdfd43ee64095f142bfe8b4cb82,0x90aa2e0bf1909a250b33e70c88779609770849859441ec709504b559688ec0ac,ok
0xcc7354bb042b82fab47411117bfc2bc54ce05761,2,0x03457bbea69f575ccf49d1bbcf35cd5fdd5d5c9f697f245fbda48240a32f6a85dc,0x04457bbea69f575ccf49d1bbcf35cd5fdd5d5c9f697f245fbda48240a32f6a85dcb8b6c49b53a2ee2e91f03ec87035ae1d8b889729acc6b066ab4d9016b4e8fc61,0x5e7c11c6af1b66960e7328c38750c7fdfd6d765538729a9542c737d9fc004d65,ok
0xf15deff9f34ae294293bbb90bdbc3f417bf2bd76,2,0x02b67b6b656ddfc4ee044e2ca2ebefbea58b215c6c76e5113d855a8d139e83e3bc,0x04b67b6b656ddfc4ee044e2ca2ebefbea58b215c6c76e5113d855a8d139e83e3bc0f0afcfb8c65be7d6dd84fdd8b359eed83159be7260bb2e8132f587e9ebbfc54,0x393a6438b37373edd27e06324e0b5f96aea5e2d130dd504ddefb5b7543876ab8,ok
0xf9c10dc0acac201388c96374e3386f568962d0e8,2,0x02478383d3fcc09a2c4001dbeb75b0d90bc90f460c452db758e08ee390737f7a6e,0x04478383d3fcc09a2c4001dbeb75b0d90bc90f460c452db758e08ee390737f7a6ea7e08e68193f4fd365776096f3836db19aadb0987f79423687ae62a2ba8f719e,0x3cccf9afe1c968af78971b301c173ec48e8fc8a1498206a7eccfab34b80be1d5,ok
0x019e7e5c82d097aa51becdc85ff3d22455722154,1,0x025a5c8cd4860009c074cb89b56ec259d1ac4445def75b8b0512752794e4ab54dc,0x045a5c8cd4860009c074cb89b56ec259d1ac4445def75b8b0512752794e4ab54dca306d0e74b070310524e9383e12dacb81b9878d438ce265997816b9c7852ac50,0x54e9a294e387fda132303c165a0a22419456ed79c3c110a7699dbc3e702de547,ok
0x050d11f95256800d272cdc8d25e80390b4a39252,1,0x02a2c64ccb6912be859ddd7150c4c823f076f689466ee05a490550d7fb5595e9a3,0x04a2c64ccb6912be859ddd7150c4c823f076f689466ee05a490550d7fb5595e9a30775577cdbcb2f074e4f706365d56b044c7066d9154cc73af3d7ad3ba8e1c17c,0xf63bb1b126bd099957ff93b3bfe9e19011709b4dfe2dc5069d379cd2eb2a93d4,ok
0x1c438a8048d44d1aa7207772d1a5eac6ff924e3d,1,0x0287915c290471dbad0bcb85294722b8b069707123fd1009566fbac8a385e4c95a,0x0487915c290471dbad0bcb85294722b8b069707123fd1009566fbac8a385e4c95a7e7afb72fe8ec57072d6daa7cceb226e019777516b137f5dd2c522e4066f91c6,0xf7144f4fb3451b5bb31513ee56b54206cf0f26a9a89bdd0f9d5e571e7e307926,ok
0x2186784ba5761c2ff8e3c16bc8ffb3f262b50cb9,1,0x03af6089123beb13dda7de7802f520ac1a86151196866ed0de23f8e131cb2592f4,0x04af6089123beb13dda7de7802f520ac1a86151196866ed0de23f8e131cb2592f4a210095f206bd47933ae41c80a472e35299fac4dd2b8ead4d53c4d8389f866c7,0xacf56ae62b98f40c916860db5b8b43ba63828da51feaef2e565e123b933e0606,ok
0x278b3f2e66610d4c16cc8ac6d7b5409e12619364,1,0x03c1c528ff102c763f00a8f2d8c7520731c171c4237d95962afbfdcaae65b01a3e,0x04c1c528ff102c763f00a8f2d8c7520731c171c4237d95962afbfdcaae65b01a3ec4d1527b06940e0110562f0cd81592aeeb7475ac9d7c81baf089454a284febf1,0x29d164065fa9f56aeb796cb3bb4e1ffa361777559086a115ee4a365a6958006b,ok
0x3b2c2a2caa2092d57c48faf31862138e56eae1fa,1,,,,never-sent
0x717429363ffb10d8ebf14800ca1e5b6f6d07f137,1,0x03c8352120d290d23a1dc0886bc056736387b4afb8d24926c0fdc297146a1296ab,0x04c8352120d290d23a1dc0886bc056736387b4afb8d24926c0fdc297146a1296ab95d8fcd7bd53c30cd599ee19b985549edbaff5761bf998bc2f61d3332a27fba9,0x477ecd8ef857e1198b128649f67356dec130549e6d6f918c55b64955748b601e,ok
0x78638bb11630b7d5e887d58e59e0798b93d8bcfd,1,0x03921dd4cc77af10f5bf538ffec13306e3979cd01291f19a1c30c6ae16ee3749e2,0x04921dd4cc77af10f5bf538ffec13306e3979cd01291f19a1c30c6ae16ee3749e2c9c5d63c830b6da10388cad10dfe806de4796993958d4e43cb8c2e6c721ead45,0xea4b9cc3e68f3b7cc7e1f2f9a3cba0f9e1e7dc03a83c044e2a53b933136d1772,ok
0xaa9120109c02f48d24b9f48f6ca6db46cf82c2e8,1,0x03bb7babde0378c49a3aa3b7384408ba5d668cd678b99df5e1461ff6707888dc02,0x04bb7babde0378c49a3aa3b7384408ba5d668cd678b99df5e1461ff6707888dc02dcb10594103ed70af7a3dc523e43b863645b5859c648e5009f031875bd9983d1,0xd13ccebb9fa8f331bd39170ab80e6624659814d51fee41cd580f9c1fbb74b8ef,ok
0xb90f2d02115877982cdf338c74424c77969749d0,1,0x027ec457e11e59972571b0a3e876406b3d2814f7b3f7248985ffb8238a3457f96b,0x047ec457e11e59972571b0a3e876406b3d2814f7b3f7248985ffb8238a3457f96b7d6389169c98c89037bdec8da75527065514a92c9787f5728b9729569f08b446,0xbe4a8cfbbbe0281d574d16ae1b50357b3c08a67f53635df1411b20b6d274b9c4,ok
0xb9bd55eb41a48dd8b3141a09c4c6d829b581cfeb,1,0x030ecbb0c22b34f02c99ddbce971add5f4ed2176de359b767875dd61bfa92a3657,0x040ecbb0c22b34f02c99ddbce971add5f4ed2176de359b767875dd61bfa92a3657df7a196904d3dcfc0a1d4776f0268ca99c1f8b52f846b43979483b653cc0477f,0xf88eab730a86bcf494ba1ee6ee52467a85a972cd4d6fb63a1bb87fbebfa29480,ok
0xdd8bb9be226dd79c3bb14be9df5642f39cd081db,1,0x03634bddc8ef05672b51c41244f0ea4cc7654906d66f31495dd08870bf6502d2fc,0x04634bddc8ef05672b51c41244f0ea4cc7654906d66f31495dd08870bf6502d2fc1dbb8585f77901e916b65d2c150a2051ce798a9c55de0d908bb895884ead7933,0x2cd67fe0f0aa8e98c7d54b7f400ed30820e641cb524e901c780d308de70fd547,ok
0xf5a8ac14c00ec8e14237005749a69154df743203,1,0x029f4a95844bbc6b6d44c58be1cb8c29ab28b7927a8e2e880507524ce4d253290f,0x049f4a95844bbc6b6d44c58be1cb8c29ab28b7927a8e2e880507524ce4d253290f2ecbd6afb3dbb0ea339a1f109445e51b51cc2b767f4e1b572129ce406b8ff7b4,0x65579ff5cad0fd8c532d0062f5a7cce728fd72aa132bbe3013bf7c76b10cc206,ok
